-- phpMyAdmin SQL Dump
-- version 5.2.1
-- https://www.phpmyadmin.net/
--
-- Host: 127.0.0.1
-- Tempo de geração: 04/12/2024 às 20:50
-- Versão do servidor: 10.4.28-MariaDB
-- Versão do PHP: 8.0.28

SET SQL_MODE = "NO_AUTO_VALUE_ON_ZERO";
START TRANSACTION;
SET time_zone = "+00:00";


/*!40101 SET @OLD_CHARACTER_SET_CLIENT=@@CHARACTER_SET_CLIENT */;
/*!40101 SET @OLD_CHARACTER_SET_RESULTS=@@CHARACTER_SET_RESULTS */;
/*!40101 SET @OLD_COLLATION_CONNECTION=@@COLLATION_CONNECTION */;
/*!40101 SET NAMES utf8mb4 */;

--
-- Banco de dados: `dominio_dns_mx`
--

-- --------------------------------------------------------

--
-- Estrutura para tabela `dominios_dns`
--

CREATE TABLE `dominios_dns` (
  `id` int(11) NOT NULL,
  `dominio` varchar(255) NOT NULL,
  `dns` varchar(255) DEFAULT NULL,
  `tem_dns` tinyint(1) DEFAULT NULL
) ENGINE=InnoDB DEFAULT CHARSET=utf8mb4 COLLATE=utf8mb4_general_ci;

--
-- Despejando dados para a tabela `dominios_dns`
--

INSERT INTO `dominios_dns` (`id`, `dominio`, `dns`, `tem_dns`) VALUES
(1, 'a2000.gov.br', NULL, 0),
(2, 'abc.gov.br', 'abc-gov-br.mail.protection.outlook.com', 1),
(3, 'abcd.gov.br', 'abcd-gov-br.mail.protection.outlook.com, abcd-gov-br.mail.protection.outlook.com', 1),
(4, 'abcnaidadecerta.gov.br', 'abcnaidadecerta-gov-br.mail.protection.outlook.com', 1),
(5, 'abgf.gov.br', 'abgf-gov-br.mail.protection.outlook.com', 1),
(6, 'abin.gov.br', 'mx01.abin.gov.br, mx02.abin.gov.br', 1),
(7, 'abrasil.gov.br', 'smtp.abrasil.gov.br', 1),
(8, 'ac-jus.gov.br', NULL, 0),
(9, 'ac.gov.br', 'mail.ac.gov.br', 1),
(10, 'acesso.gov.br', NULL, 0),
(11, 'acessoainformacao.gov.br', NULL, 0),
(12, 'acessoinformacao.gov.br', NULL, 0),
(13, 'acjus.gov.br', NULL, 0),
(14, 'acraiz.gov.br', 'mx.acraiz.gov.br, mx.acraiz.gov.br', 1),
(15, 'acre.gov.br', 'mail.acre.gov.br', 1),
(16, 'acs.gov.br', NULL, 0),
(17, 'aeb.gov.br', 'aeb-gov-br.mail.protection.outlook.com', 1),
(18, 'aerofacil.gov.br', NULL, 0),
(19, 'aeroportodebrasilia.gov.br', NULL, 0),
(20, 'aeroportodesalvador.gov.br', NULL, 0),
(21, 'aeroportoindustria.gov.br', NULL, 0),
(22, 'aeroportoindustrial.gov.br', NULL, 0),
(23, 'aeroshopping.gov.br', 'mail.infraero.gov.br', 1),
(24, 'agenciabrasil.gov.br', 'smtp01.radiobras.gov.br', 1),
(25, 'agenciacamara.gov.br', NULL, 0),
(26, 'agespacial.gov.br', NULL, 0),
(27, 'agricultura.gov.br', 'cluster1.us.messagelabs.com, cluster1a.us.messagelabs.com', 1),
(28, 'agritempo.gov.br', NULL, 0),
(29, 'agro.gov.br', 'cluster1.us.messagelabs.com, cluster1a.us.messagelabs.com', 1),
(30, 'agroecologia.gov.br', NULL, 0),
(31, 'agrolivre.gov.br', NULL, 0),
(32, 'agronet-pe.gov.br', NULL, 0),
(33, 'agu.gov.br', '0f2532e9-ffe2-4f18-992f-bc109b59ed59.in.tmes.trendmicro.com', 1),
(34, 'ahsul.gov.br', NULL, 0),
(35, 'aids.gov.br', 'smtp.aids.gov.br, ex-ed-01.aids.gov.br, ex-ed-02.aids.gov.br', 1),
(36, 'al.gov.br', NULL, 0),
(37, 'aleam.gov.br', 'zimbra.aleam.gov.br, webmail.aleam.gov.br', 1),
(38, 'alemg.gov.br', 'smtp.alemg.gov.br', 1),
(39, 'almg.gov.br', 'smtp.almg.gov.br', 1),
(40, 'almoxarifadovirtual.gov.br', NULL, 0),
(41, 'am.gov.br', NULL, 0),
(42, 'amapa.gov.br', 'aspmx.l.google.com, alt1.aspmx.l.google.com, alt2.aspmx.l.google.com, alt3.aspmx.l.google.com, alt4.aspmx.l.google.com', 1),
(43, 'amazonasenergia.gov.br', NULL, 0),
(44, 'amazonfund-bndes.gov.br', NULL, 0),
(45, 'amazonfund.gov.br', 'amazonfund-gov-br.mail.protection.outlook.com', 1),
(46, 'amazoniafund.gov.br', NULL, 0),
(47, 'amazoniafundo-bndes.gov.br', NULL, 0),
(48, 'amazoniafundo.gov.br', NULL, 0),
(49, 'amazonianfund-bndes.gov.br', NULL, 0),
(50, 'amazonianfund.gov.br', NULL, 0),
(51, 'amazul.gov.br', 'mx1.amazul.gov.br, mx3.amazul.gov.br, mx4.amazul.gov.br', 1),
(52, 'an.gov.br', 'an-gov-br.mail.protection.outlook.com', 1),
(53, 'ana.gov.br', 'ana.in.tmes.trendmicro.com', 1),
(54, 'anac.gov.br', 'anac-gov-br.mail.protection.outlook.com', 1),
(55, 'anapost.gov.br', NULL, 0),
(56, 'anatel.gov.br', 'anatel-gov-br.in.tmes.trendmicro.com', 1),
(57, 'ancine.gov.br', 'ancine-gov-br.mail.protection.outlook.com', 1),
(58, 'aneel.gov.br', 'agent.aneel.gov.br, master.aneel.gov.br, coulomb.aneel.gov.br, mailsrv.aneel.gov.br', 1),
(59, 'anm.gov.br', 'anm-gov-br.mail.protection.outlook.com', 1),
(60, 'anp.gov.br', 'anp-gov-br.mail.protection.outlook.com', 1),
(61, 'anpd.gov.br', 'anpd-gov-br.mail.protection.outlook.com', 1),
(62, 'ans.gov.br', 'ans-gov-br.mail.protection.outlook.com', 1),
(63, 'antaq.gov.br', 'antaq.in.tmes.trendmicro.com', 1),
(64, 'antt.gov.br', 'antt-gov-br.mail.protection.outlook.com', 1),
(65, 'anvisa.gov.br', 'cluster1.us.messagelabs.com, cluster1a.us.messagelabs.com', 1),
(66, 'ap.gov.br', 'antispam.ap.gov.br', 1),
(67, 'api.gov.br', NULL, 0),
(68, 'apostasurpresa.gov.br', NULL, 0),
(69, 'app.gov.br', 'protection.serpro.gov.br', 1),
(70, 'aprendendoaexportar.gov.br', NULL, 0),
(71, 'arquitetura.gov.br', NULL, 0),
(72, 'arquivonacional.gov.br', 'arquivonacional-gov-br.mail.protection.outlook.com', 1),
(73, 'artesanatobrasileiro.gov.br', 'relay.mdic.gov.br, smtp2.mdic.gov.br', 1),
(74, 'auxiliobrasil.gov.br', NULL, 0),
(75, 'avancabrasil.gov.br', NULL, 0),
(76, 'avancar.gov.br', NULL, 0),
(77, 'avancarparcerias.gov.br', NULL, 0),
(78, 'avasus.gov.br', NULL, 0),
(79, 'avisabr.gov.br', NULL, 0),
(80, 'avozdobrasil.gov.br', 'smtp01.radiobras.gov.br, smtp02.radiobras.gov.br', 1),
(81, 'ba.gov.br', 'ba-gov-br.mail.protection.outlook.com', 1),
(82, 'bacen.gov.br', NULL, 0),
(83, 'badesc.gov.br', 'badesc-gov-br.mail.protection.outlook.com', 1),
(84, 'bancocentral.gov.br', NULL, 0),
(85, 'bancodeconteudos.gov.br', NULL, 0),
(86, 'bancodeoportunidades.gov.br', NULL, 0),
(87, 'bancodonordeste.gov.br', 'd001smt14.bnb.gov.br, d001smt15.bnb.gov.br', 1),
(88, 'banconordeste.gov.br', NULL, 0),
(89, 'bc.gov.br', NULL, 0),
(90, 'bcb.gov.br', 'bcb-gov-br.mail.protection.outlook.com', 1),
(91, 'bcc.gov.br', NULL, 0),
(92, 'bdjur.gov.br', NULL, 0),
(93, 'belomonte.gov.br', NULL, 0),
(94, 'bid2002brasil.gov.br', NULL, 0),
(95, 'biodiversidade.gov.br', 'mailscan-in.serpro.gov.br', 1),
(96, 'bioform.gov.br', NULL, 0),
(97, 'bn.gov.br', 'mail.bn.gov.br, bn-gov-br.mail.protection.outlook.com, correio.bn.gov.br', 1),
(98, 'bnb.gov.br', 'bnb-gov-br.mail.protection.outlook.com', 1),
(99, 'bnde.gov.br', NULL, 0),
(100, 'bndes.gov.br', 'bndes-gov-br.mail.protection.outlook.com', 1),
(101, 'bndespar.gov.br', NULL, 0),
(102, 'bnds.gov.br', NULL, 0),
(103, 'boavistaenergia.gov.br', NULL, 0),
(104, 'bolaofederal.gov.br', NULL, 0),
(105, 'bolsadacaixa.gov.br', NULL, 0),
(106, 'br.gov.br', NULL, 0),
(107, 'brasil-rounds.gov.br', NULL, 0),
(108, 'brasil.gov.br', 'esa01.presidencia.gov.br, esa02.presidencia.gov.br', 1),
(109, 'brasil2016.gov.br', NULL, 0),
(110, 'brasilcentral.gov.br', 'smtp053.gdfnet.df.gov.br, smtp054.gdfnet.df.gov.br, smtp051.gdfnet.df.gov.br', 1),
(111, 'brasilcultura.gov.br', NULL, 0),
(112, 'brasildigital.gov.br', NULL, 0),
(113, 'brasileficiente.gov.br', 'alpha.planalto.gov.br', 1),
(114, 'brasilexport.gov.br', NULL, 0),
(115, 'brasilglobalnet.gov.br', 'mailmx.abc.gov.br', 1),
(116, 'brasilre.gov.br', 'caxias.irbbrasilre.com, tijuca.irbbrasilre.com', 1),
(117, 'brasilsaudavelesustentavel.gov.br', 'smtp-serpro01.mds.gov.br, smtp-serpro02.mds.gov.br', 1),
(118, 'brasilsemiseria.gov.br', NULL, 0),
(119, 'brasilsemmiseria.gov.br', NULL, 0),
(120, 'brasiltradenet.gov.br', NULL, 0),
(121, 'brasiltransparente.gov.br', NULL, 0),
(122, 'brazil-rounds.gov.br', NULL, 0),
(123, 'brazil.gov.br', NULL, 0),
(124, 'brazilexport.gov.br', NULL, 0),
(125, 'brazilglobalnet.gov.br', NULL, 0),
(126, 'brazilgovnews.gov.br', NULL, 0),
(127, 'brazilrounds.gov.br', NULL, 0),
(128, 'braziltradenet.gov.br', NULL, 0),
(129, 'btig.gov.br', NULL, 0),
(130, 'btn.gov.br', NULL, 0),
(131, 'businessbrasil.gov.br', NULL, 0),
(132, 'businessbrazil.gov.br', NULL, 0),
(133, 'butantan.gov.br', 'aspmx.l.google.com, alt1.aspmx.l.google.com, alt2.aspmx.l.google.com, aspmx2.googlemail.com, aspmx3.googlemail.com', 1),
(134, 'bvenergia.gov.br', NULL, 0),
(135, 'c-brasil.gov.br', 'mailscan-in.serpro.gov.br', 1),
(136, 'c-brazil.gov.br', NULL, 0),
(137, 'cadastrominhacasaminhavida.gov.br', NULL, 0),
(138, 'cadastrorural.gov.br', NULL, 0),
(139, 'cade.gov.br', 'cade-gov-br.mail.protection.outlook.com', 1),
(140, 'cadicon.gov.br', NULL, 0),
(141, 'caged.gov.br', NULL, 0),
(142, 'caisan.gov.br', 'smtp-serpro01.mds.gov.br, smtp-serpro02.mds.gov.br', 1),
(143, 'caixa.gov.br', 'caixa-gov-br.mail.protection.outlook.com', 1),
(144, 'caixaaqui.gov.br', NULL, 0),
(145, 'caixacultural.gov.br', NULL, 0),
(146, 'caixadasorte.gov.br', NULL, 0),
(147, 'caixadotesouro.gov.br', NULL, 0),
(148, 'caixaeconomica.gov.br', NULL, 0),
(149, 'caixaeconomicafederal.gov.br', NULL, 0),
(150, 'caixaforte.gov.br', NULL, 0),
(151, 'caixainvest.gov.br', NULL, 0),
(152, 'caixainveste.gov.br', NULL, 0),
(153, 'caixamaisqueumbanco.gov.br', NULL, 0),
(154, 'caixamasterpass.gov.br', NULL, 0),
(155, 'caixaoperadoradeseguros.gov.br', NULL, 0),
(156, 'caixapostal.gov.br', NULL, 0),
(157, 'caixaqui.gov.br', NULL, 0),
(158, 'caixaresolve.gov.br', NULL, 0),
(159, 'caixaseguridade.gov.br', NULL, 0),
(160, 'caixavirtual.gov.br', NULL, 0),
(161, 'camara.gov.br', 'souzinha1.camara.gov.br, souzinha2.camara.gov.br, souzinha3.camara.gov.br', 1),
(162, 'camaradosdeputados.gov.br', NULL, 0),
(163, 'camex.gov.br', 'relay.mdic.gov.br, smtp2.mdic.gov.br', 1),
(164, 'caminhaodasorte.gov.br', NULL, 0),
(165, 'caminhaofederal.gov.br', NULL, 0),
(166, 'cancer.gov.br', NULL, 0),
(167, 'capacidades.gov.br', NULL, 0),
(168, 'capes.gov.br', 'capes-gov-br.mail.protection.outlook.com', 1),
(169, 'capitalderisco.gov.br', 'mx.capitalderisco.gov.br', 1),
(170, 'capoeira.gov.br', NULL, 0),
(171, 'car.gov.br', NULL, 0),
(172, 'carrocampeao.gov.br', NULL, 0),
(173, 'cartaobndes.gov.br', NULL, 0),
(174, 'cartelafederal.gov.br', NULL, 0),
(175, 'casacivil.gov.br', 'esa01.presidencia.gov.br, esa02.presidencia.gov.br', 1),
(176, 'casadamoeda.gov.br', 'casadamoeda-gov-br.mail.protection.outlook.com', 1),
(177, 'casamilitar.gov.br', 'esa01.presidencia.gov.br, esa02.presidencia.gov.br', 1),
(178, 'casaruibarbosa.gov.br', 'mail.casaruibarbosa.gov.br', 1),
(179, 'casemg.gov.br', NULL, 0),
(180, 'catir.gov.br', NULL, 0),
(181, 'cauac.gov.br', 'cauac-gov-br.mail.protection.outlook.com', 1),
(182, 'caual.gov.br', 'caual-gov-br.mail.protection.outlook.com', 1),
(183, 'cauam.gov.br', 'cauam-gov-br.mail.protection.outlook.com', 1),
(184, 'cauap.gov.br', 'cauap-gov-br.mail.protection.outlook.com', 1),
(185, 'cauba.gov.br', 'cauba-gov-br.mail.protection.outlook.com', 1),
(186, 'caubr.gov.br', 'caubr-gov-br.mail.protection.outlook.com', 1),
(187, 'cauce.gov.br', 'cauce-gov-br.mail.protection.outlook.com', 1),
(188, 'caudf.gov.br', 'caudf-gov-br.mail.protection.outlook.com', 1),
(189, 'caues.gov.br', 'caues-gov-br.mail.protection.outlook.com', 1),
(190, 'caugo.gov.br', 'caugo-gov-br.mail.protection.outlook.com', 1),
(191, 'cauma.gov.br', 'cauma-gov-br.mail.protection.outlook.com', 1),
(192, 'caumg.gov.br', 'caumg-gov-br.mail.protection.outlook.com', 1),
(193, 'caums.gov.br', 'caums-gov-br.mail.protection.outlook.com', 1),
(194, 'caumt.gov.br', 'caumt-gov-br.mail.protection.outlook.com', 1),
(195, 'caupa.gov.br', 'caupa-gov-br.mail.protection.outlook.com', 1),
(196, 'caupb.gov.br', 'caupb-gov-br.mail.protection.outlook.com', 1),
(197, 'caupe.gov.br', 'caupe-gov-br.mail.protection.outlook.com', 1),
(198, 'caupi.gov.br', 'caupi-gov-br.mail.protection.outlook.com', 1),
(199, 'caupr.gov.br', 'caupr-gov-br.mail.protection.outlook.com, ms32310411.msv1.invalid', 1),
(200, 'caurj.gov.br', 'caurj-gov-br.mail.protection.outlook.com', 1),
(201, 'caurn.gov.br', 'caurn-gov-br.mail.protection.outlook.com', 1),
(202, 'cauro.gov.br', 'cauro-gov-br.mail.protection.outlook.com', 1),
(203, 'caurr.gov.br', 'caurr-gov-br.mail.protection.outlook.com', 1),
(204, 'caurs.gov.br', 'caurs-gov-br.mail.protection.outlook.com', 1),
(205, 'causc.gov.br', 'causc-gov-br.mail.protection.outlook.com', 1),
(206, 'cause.gov.br', 'cause-gov-br.mail.protection.outlook.com', 1),
(207, 'causp.gov.br', 'causp-gov-br.mail.protection.outlook.com', 1),
(208, 'cauto.gov.br', 'cauto-gov-br.mail.protection.outlook.com', 1),
(209, 'cbee.gov.br', NULL, 0),
(210, 'cbh.gov.br', 'sucuri.snisb.gov.br, bonito.snisb.gov.br', 1),
(211, 'cbnb.gov.br', 'mx.b.locaweb.com.br, mx.a.locaweb.com.br, mx.jk.locaweb.com.br', 1),
(212, 'cbtu-natal.gov.br', NULL, 0),
(213, 'cbtu-sturec.gov.br', NULL, 0),
(214, 'cbtu.gov.br', 'pop.cbtu.gov.br, pop2.cbtu.gov.br', 1),
(215, 'cbtujp.gov.br', NULL, 0),
(216, 'cbtumetrorec.gov.br', NULL, 0),
(217, 'ccom.gov.br', NULL, 0),
(218, 'cd.gov.br', NULL, 0),
(219, 'cdes.gov.br', NULL, 0),
(220, 'cdess.gov.br', NULL, 0),
(221, 'ce.gov.br', NULL, 0),
(222, 'ceagesp.gov.br', 'ceagesp-gov-br.mail.protection.outlook.com', 1),
(223, 'ceara.gov.br', 'mx1.casacivil.ce.gov.br, mx2.casacivil.ce.gov.br', 1),
(224, 'ceasa.gov.br', NULL, 0),
(225, 'cef.gov.br', 'hercules1.cef.gov.br', 1),
(226, 'cefetbg.gov.br', NULL, 0),
(227, 'ceitec.gov.br', 'mail.ceitec.gov.br', 1),
(228, 'celepar.gov.br', 'smtp01.pr.gov.br, smtp02.pr.gov.br, smtp03.pr.gov.br, smtp04.pr.gov.br, smtp05.pr.gov.br', 1),
(229, 'cemaden.gov.br', 'mail.cemaden.gov.br', 1),
(230, 'cemave.gov.br', 'mailscan-in.serpro.gov.br', 1),
(231, 'cenp.gov.br', 'mail.cenp.gov.br', 1),
(232, 'cenpra.gov.br', NULL, 0),
(233, 'censo.gov.br', NULL, 0),
(234, 'censo2000.gov.br', NULL, 0),
(235, 'centelha.gov.br', NULL, 0),
(236, 'centrodememoriabndes.gov.br', NULL, 0),
(237, 'cepesc.gov.br', 'mx01.abin.gov.br, mx02.abin.gov.br', 1),
(238, 'ceplac.gov.br', NULL, 0),
(239, 'certics.gov.br', 'teresopolis.cti.gov.br', 1),
(240, 'cetem.gov.br', 'mail.cetem.gov.br', 1),
(241, 'cetene.gov.br', 'aspmx.l.google.com, alt1.aspmx.l.google.com, alt2.aspmx.l.google.com, alt3.aspmx.l.google.com, alt4.aspmx.l.google.com', 1),
(242, 'ceturb.gov.br', NULL, 0),
(243, 'cfa.gov.br', NULL, 0),
(244, 'cfbio.gov.br', 'aspmx.l.google.com, alt1.aspmx.l.google.com, alt2.aspmx.l.google.com, alt3.aspmx.l.google.com, alt4.aspmx.l.google.com', 1),
(245, 'cfbm.gov.br', 'mx.core.locaweb.com.br, mx.a.locaweb.com.br, mx.b.locaweb.com.br, mx.jk.locaweb.com.br', 1),
(246, 'cfmv.gov.br', 'mx.cfmv.gov.br, mx2.cfmv.gov.br', 1),
(247, 'cft.gov.br', 'mx.uhserver.com', 1),
(248, 'cgna.gov.br', 'mx.cgna.gov.br', 1),
(249, 'cgtee.gov.br', NULL, 0),
(250, 'cgteletrosul.gov.br', 'mxa-007a2802.gslb.pphosted.com, mxb-007a2802.gslb.pphosted.com', 1),
(251, 'cgu.gov.br', 'cgu-gov-br.mail.protection.outlook.com', 1),
(252, 'chequeazul.gov.br', NULL, 0),
(253, 'chesf.gov.br', 'mxa-007a2802.gslb.pphosted.com, mxb-007a2802.gslb.pphosted.com', 1),
(254, 'chicomendes.gov.br', 'mailscan-in.serpro.gov.br', 1),
(255, 'ci-brasil.gov.br', 'aspmx.l.google.com, alt1.aspmx.l.google.com, alt2.aspmx.l.google.com, aspmx2.googlemail.com, aspmx3.googlemail.com, aspmx4.googlemail.com, aspmx5.googlemail.com', 1),
(256, 'ciasc.gov.br', 'aspmx.l.google.com, alt1.aspmx.l.google.com, alt2.aspmx.l.google.com, aspmx2.googlemail.com, aspmx3.googlemail.com', 1),
(257, 'cidadania.gov.br', 'cidadania-gov-br.mail.protection.outlook.com', 1),
(258, 'cidadaniafinanceira.gov.br', 'mail1.bcb.gov.br, mail2.bcb.gov.br, mail3.bcb.gov.br', 1),
(259, 'cidades.gov.br', 'funasa.in.tmes.trendmicro.com', 1),
(260, 'cidadesdigitais.gov.br', NULL, 0),
(261, 'ciencianaescola.gov.br', NULL, 0),
(262, 'cienciasemfronteiras.gov.br', NULL, 0),
(263, 'cienciasus.gov.br', 'mail.cienciasus.gov.br', 1),
(264, 'ciscea.gov.br', 'tora.ciscea.gov.br, tora2.ciscea.gov.br, antispam.ciscea.gov.br, antispam2.ciscea.gov.br', 1),
(265, 'cjf.gov.br', NULL, 0),
(266, 'cmb.gov.br', 'cmb-gov-br.mail.protection.outlook.com', 1),
(267, 'cmrj.gov.br', NULL, 0),
(268, 'cnen.gov.br', 'cnen-gov-br.mail.protection.outlook.com', 1),
(269, 'cnenpc.gov.br', NULL, 0),
(270, 'cnfcp.gov.br', 'cnfcp-gov-br.mail.protection.outlook.com', 1),
(271, 'cnis.gov.br', NULL, 0),
(272, 'cnj.gov.br', NULL, 0),
(273, 'cnmp.gov.br', NULL, 0),
(274, 'cnv.gov.br', NULL, 0),
(275, 'coaf.gov.br', 'coaf-gov-br.mail.protection.outlook.com', 1),
(276, 'codeba.gov.br', 'mx.core.locaweb.com.br, mx.a.locaweb.com.br, mx.b.locaweb.com.br, mx.jk.locaweb.com.br', 1),
(277, 'codern.gov.br', NULL, 0),
(278, 'codesa.gov.br', 'codesa-gov-br.mail.protection.outlook.com', 1),
(279, 'codesp.gov.br', NULL, 0),
(280, 'codevasf.gov.br', 'smtp.codevasf.gov.br, smtp2.codevasf.gov.br', 1),
(281, 'codomar.gov.br', NULL, 0),
(282, 'coegv.gov.br', NULL, 0),
(283, 'cofeci.gov.br', 'aspmx.l.google.com, alt1.aspmx.l.google.com, alt2.aspmx.l.google.com, alt3.aspmx.l.google.com, alt4.aspmx.l.google.com', 1),
(284, 'cofecon.gov.br', 'mail.cofecon.gov.br', 1),
(285, 'cofen.gov.br', 'cofen-gov-br.mail.protection.outlook.com', 1),
(286, 'coffito.gov.br', 'mx.core.locaweb.com.br, mx.a.locaweb.com.br, mx.b.locaweb.com.br, mx.jk.locaweb.com.br', 1),
(287, 'colab.gov.br', NULL, 0),
(288, 'colabora.gov.br', NULL, 0),
(289, 'colaboragov.gov.br', 'mte-mx03.mlicloud.com, mte-mx04.mlicloud.com, dc02-economia-mx01.mlicloud.com, dc02-economia-mx02.mlicloud.com', 1),
(290, 'coletapilotocnae.gov.br', NULL, 0),
(291, 'combateafome.gov.br', NULL, 0),
(292, 'comercioeinvestimento.gov.br', NULL, 0),
(293, 'comex.gov.br', NULL, 0),
(294, 'comexresponde.gov.br', NULL, 0),
(295, 'compras.gov.br', NULL, 0),
(296, 'comprasagriculturafamiliar.gov.br', 'smtp-serpro.mds.gov.br', 1),
(297, 'comprasgovernamentais.gov.br', 'relay01.planejamento.gov.br, relay02.planejamento.gov.br', 1),
(298, 'comprasnet.gov.br', NULL, 0),
(299, 'compraspublicasbrasil.gov.br', NULL, 0),
(300, 'computadoresparainclusao.gov.br', NULL, 0),
(301, 'computadorparaprofessores.gov.br', NULL, 0),
(302, 'computadorparatodos.gov.br', NULL, 0),
(303, 'comunicacaosocial.gov.br', NULL, 0),
(304, 'conab.gov.br', 'mailin.conab.gov.br', 1),
(305, 'conarq.gov.br', NULL, 0),
(306, 'conasp.gov.br', NULL, 0),
(307, 'concar.gov.br', 'concar-gov-br.mail.protection.outlook.com', 1),
(308, 'conecta.gov.br', NULL, 0),
(309, 'congresso.gov.br', NULL, 0),
(310, 'conitec.gov.br', 'mx1.saude.gov.br, mx2.saude.gov.br, mx4.saude.gov.br, mx5.saude.gov.br', 1),
(311, 'consegi.gov.br', NULL, 0),
(312, 'consorcioamazonialegal.gov.br', NULL, 0),
(313, 'consorciobdjur.gov.br', NULL, 0),
(314, 'consorciociga.gov.br', 'consorciociga-gov-br.mail.protection.outlook.com', 1),
(315, 'consorcionordeste.gov.br', 'consorcionordeste-gov-br.mail.protection.outlook.com', 1),
(316, 'construcard.gov.br', NULL, 0),
(317, 'consultaprotocolo.gov.br', NULL, 0),
(318, 'consumidor.gov.br', 'consumidor-gov-br.mail.protection.outlook.com, maine.mj.gov.br, piaget.mj.gov.br', 1),
(319, 'contaspublicas.gov.br', NULL, 0),
(320, 'conter.gov.br', 'mx1.titan.email, mx2.titan.email', 1),
(321, 'convenios.gov.br', NULL, 0),
(322, 'convensi.gov.br', 'mx.b.locaweb.com.br, mx.core.locaweb.com.br, mx.a.locaweb.com.br, mx.jk.locaweb.com.br', 1),
(323, 'copatransparente.gov.br', NULL, 0),
(324, 'corecongo.gov.br', 'mail.corecongo.gov.br', 1),
(325, 'coreconpe.gov.br', 'mail.coreconpe.gov.br', 1),
(326, 'coreconpr.gov.br', 'mx.core.locaweb.com.br, mx.a.locaweb.com.br, mx.b.locaweb.com.br, mx.jk.locaweb.com.br', 1),
(327, 'coreconrr.gov.br', NULL, 0),
(328, 'coreconsp.gov.br', 'mail.coreconsp.gov.br', 1),
(329, 'coredopiaui.gov.br', NULL, 0),
(330, 'coren-ap.gov.br', 'coren-ap.gov.br', 1),
(331, 'coren-ba.gov.br', 'alt3.aspmx.l.google.com', 1),
(332, 'coren-df.gov.br', 'mx-br.spfbl.net, praetoriae.bktech.com.br, hill55.bktech.com.br, mx-us.spfbl.net', 1),
(333, 'coren-mg.gov.br', 'mx.coren-mg.gov.br', 1),
(334, 'coren-mt.gov.br', 'mx.core.locaweb.com.br, mx.a.locaweb.com.br, mx.b.locaweb.com.br, mx.jk.locaweb.com.br', 1),
(335, 'coren-pb.gov.br', NULL, 0),
(336, 'coren-pe.gov.br', 'mail.coren-pe.gov.br', 1),
(337, 'coren-rj.gov.br', NULL, 0),
(338, 'coren-se.gov.br', 'protection.serpro.gov.br', 1),
(339, 'coren-sp.gov.br', 'corensp-gov-br01c.mail.protection.outlook.com', 1),
(340, 'corenac.gov.br', NULL, 0),
(341, 'corenam.gov.br', 'aspmx.l.google.com, alt1.aspmx.l.google.com, alt2.aspmx.l.google.com, alt3.aspmx.l.google.com, alt4.aspmx.l.google.com', 1),
(342, 'corenma.gov.br', 'mx.uhserver.com', 1),
(343, 'corenmg.gov.br', 'smtp.corenmg.gov.br, smtp.corenmg.gov.br, smtp.corenmg.gov.br, smtp.corenmg.gov.br', 1),
(344, 'corenms.gov.br', 'aspmx2.googlemail.com', 1),
(345, 'corenpb.gov.br', '200.234.222.116', 1),
(346, 'corenpr.gov.br', 'aspmx.l.google.com, alt1.aspmx.l.google.com, alt2.aspmx.l.google.com, alt3.aspmx.l.google.com, alt4.aspmx.l.google.com', 1),
(347, 'corenrj.gov.br', NULL, 0),
(348, 'corensc.gov.br', 'mail.corensc.gov.br', 1),
(349, 'corensp.gov.br', 'mail.corensp.gov.br, ec2-54-232-52-172.sa-east-1.compute.amazonaws.com', 1),
(350, 'corregedorias.gov.br', NULL, 0),
(351, 'correio.gov.br', NULL, 0),
(352, 'correios-ce.gov.br', NULL, 0),
(353, 'correios.gov.br', NULL, 0),
(354, 'cortesmercosul.gov.br', NULL, 0),
(355, 'cortesmercosur.gov.br', NULL, 0),
(356, 'cp2.gov.br', 'cp2.gov.br, 108303612.mail.outlook.com', 1),
(357, 'cprm.gov.br', 'aspmx.l.google.com, alt1.aspmx.l.google.com, alt2.aspmx.l.google.com, alt3.aspmx.l.google.com, alt4.aspmx.l.google.com', 1),
(358, 'cra-amrr.gov.br', NULL, 0),
(359, 'cra-pr.gov.br', 'aspmx.l.google.com, alt1.aspmx.l.google.com, alt2.aspmx.l.google.com, aspmx2.googlemail.com, aspmx3.googlemail.com', 1),
(360, 'crasp.gov.br', 'aspmx.l.google.com, alt1.aspmx.l.google.com, alt2.aspmx.l.google.com, alt3.aspmx.l.google.com, alt4.aspmx.l.google.com', 1),
(361, 'crbio-02.gov.br', 'plesk03.dc.grupogmaes.com', 1),
(362, 'crbio-03.gov.br', NULL, 0),
(363, 'crbio-3.gov.br', NULL, 0),
(364, 'crbio-4.gov.br', 'mx.b.locaweb.com.br, mx.core.locaweb.com.br, mx.a.locaweb.com.br, mx.jk.locaweb.com.br', 1),
(365, 'crbio-7.gov.br', 'aspmx.l.google.com, alt1.aspmx.l.google.com, alt2.aspmx.l.google.com, alt3.aspmx.l.google.com, alt4.aspmx.l.google.com', 1),
(366, 'crbio-pr.gov.br', 'wg9.webgenium.com.br', 1),
(367, 'crbio-rs.gov.br', NULL, 0),
(368, 'crbio-sc.gov.br', NULL, 0),
(369, 'crbio01.gov.br', 'mail.crbio01.gov.br, mail2.crbio01.gov.br', 1),
(370, 'crbio02.gov.br', 'cpanel01.dc.grupogmaes.com', 1),
(371, 'crbio03.gov.br', 'crbio03-gov-br.mail.protection.outlook.com', 1),
(372, 'crbio04.gov.br', 'aspmx.l.google.com, alt1.aspmx.l.google.com, alt2.aspmx.l.google.com, alt3.aspmx.l.google.com, alt4.aspmx.l.google.com, aspmx2.googlemail.com, aspmx3.googlemail.com, aspmx4.googlemail.com, aspmx5.googlemail.com', 1),
(373, 'crbio05.gov.br', 'mx.core.locaweb.com.br, mx.a.locaweb.com.br, mx.b.locaweb.com.br, mx.jk.locaweb.com.br', 1),
(374, 'crbio06.gov.br', 'mx-vip-01.kinghost.net, mx-vip-02.kinghost.net', 1),
(375, 'crbio07.gov.br', 'aspmx.l.google.com, alt1.aspmx.l.google.com, alt2.aspmx.l.google.com, alt3.aspmx.l.google.com, alt4.aspmx.l.google.com', 1),
(376, 'crbio08.gov.br', 'mx.uhserver.com', 1),
(377, 'crbio2.gov.br', 'mx-vip-01.kinghost.net, mx-vip-02.kinghost.net', 1),
(378, 'crbio3.gov.br', NULL, 0),
(379, 'crbio5.gov.br', NULL, 0),
(380, 'crbio7.gov.br', 'wg9.webgenium.com.br', 1),
(381, 'crbio8.gov.br', 'crbio8.gov.br', 1),
(382, 'crbiopr.gov.br', 'wg9.webgenium.com.br', 1),
(383, 'crbm1.gov.br', 'mx-vip-01.kinghost.net, mx-vip-02.kinghost.net', 1),
(384, 'crbm2.gov.br', 'crbm2-gov-br.mail.protection.outlook.com', 1),
(385, 'crbm3.gov.br', 'aspmx.l.google.com, alt1.aspmx.l.google.com, alt2.aspmx.l.google.com, alt3.aspmx.l.google.com, alt4.aspmx.l.google.com', 1),
(386, 'crbm5.gov.br', 'mx-vip-01.kinghost.net, mx-vip-02.kinghost.net', 1),
(387, 'crbm6.gov.br', 'mail.crbm6.gov.br', 1),
(388, 'crcn.gov.br', NULL, 0),
(389, 'crea-ro.gov.br', NULL, 0),
(390, 'crearo.gov.br', NULL, 0),
(391, 'creci-al.gov.br', 'aspmx.l.google.com, alt1.aspmx.l.google.com, alt2.aspmx.l.google.com, alt3.aspmx.l.google.com, alt4.aspmx.l.google.com', 1),
(392, 'creci-am.gov.br', 'aspmx.l.google.com, alt1.aspmx.l.google.com, alt2.aspmx.l.google.com, alt3.aspmx.l.google.com, alt4.aspmx.l.google.com', 1),
(393, 'creci-ce.gov.br', 'aspmx.l.google.com, alt1.aspmx.l.google.com, alt2.aspmx.l.google.com, alt3.aspmx.l.google.com, alt4.aspmx.l.google.com', 1),
(394, 'creci-es.gov.br', NULL, 0),
(395, 'creci-mt.gov.br', 'mx-vip-01.kinghost.net, mx-vip-02.kinghost.net', 1),
(396, 'creci-pa.gov.br', 'aspmx.l.google.com, alt1.aspmx.l.google.com, alt2.aspmx.l.google.com, alt3.aspmx.l.google.com, alt4.aspmx.l.google.com', 1),
(397, 'creci-pb.gov.br', 'aspmx.l.google.com, alt1.aspmx.l.google.com, alt2.aspmx.l.google.com, aspmx2.googlemail.com, aspmx3.googlemail.com, aspmx4.googlemail.com, aspmx5.googlemail.com', 1),
(398, 'creci-pe.gov.br', 'aspmx.l.google.com, alt1.aspmx.l.google.com, alt2.aspmx.l.google.com, alt3.aspmx.l.google.com, alt4.aspmx.l.google.com', 1),
(399, 'creci-pr.gov.br', 'matheus.garlix.com.br', 1),
(400, 'creci-rj.gov.br', 'mx.core.locaweb.com.br, mx.a.locaweb.com.br, mx.b.locaweb.com.br, mx.jk.locaweb.com.br', 1),
(401, 'creci-rn.gov.br', 'aspmx.l.google.com, alt1.aspmx.l.google.com, alt2.aspmx.l.google.com, alt3.aspmx.l.google.com, alt4.aspmx.l.google.com', 1),
(402, 'creci-rs.gov.br', 'mxcreci.lk6.com.br', 1),
(403, 'creci-sc.gov.br', 'barracuda.penso.com.br', 1),
(404, 'creci-se.gov.br', NULL, 0),
(405, 'creci-sp.gov.br', 'aspmx.l.google.com, alt1.aspmx.l.google.com, alt2.aspmx.l.google.com, alt3.aspmx.l.google.com, alt4.aspmx.l.google.com', 1),
(406, 'creciac.gov.br', 'creciac.gov.br', 1),
(407, 'creciba.gov.br', 'mx.a.locaweb.com.br, mx.b.locaweb.com.br, mx.jk.locaweb.com.br', 1),
(408, 'crecidf.gov.br', 'aspmx.l.google.com, alt1.aspmx.l.google.com, alt2.aspmx.l.google.com, alt3.aspmx.l.google.com, alt4.aspmx.l.google.com', 1),
(409, 'crecies.gov.br', 'aspmx.l.google.com, alt1.aspmx.l.google.com, alt2.aspmx.l.google.com, alt3.aspmx.l.google.com, alt4.aspmx.l.google.com', 1),
(410, 'crecigo.gov.br', 'aspmx.l.google.com, alt1.aspmx.l.google.com, alt2.aspmx.l.google.com, alt3.aspmx.l.google.com, alt4.aspmx.l.google.com', 1),
(411, 'crecima.gov.br', 'mail.crecima.gov.br', 1),
(412, 'crecimg.gov.br', 'aspmx.l.google.com, alt1.aspmx.l.google.com, alt2.aspmx.l.google.com, alt3.aspmx.l.google.com, alt4.aspmx.l.google.com', 1),
(413, 'crecims.gov.br', 'aspmx.l.google.com, alt1.aspmx.l.google.com, alt2.aspmx.l.google.com, alt3.aspmx.l.google.com, alt4.aspmx.l.google.com', 1),
(414, 'crecimt.gov.br', 'aspmx.l.google.com, alt1.aspmx.l.google.com, alt2.aspmx.l.google.com, alt3.aspmx.l.google.com, alt4.aspmx.l.google.com', 1),
(415, 'crecipe.gov.br', 'aspmx.l.google.com, alt1.aspmx.l.google.com, alt2.aspmx.l.google.com, alt3.aspmx.l.google.com, alt4.aspmx.l.google.com', 1),
(416, 'crecipr.gov.br', 'mail.crecipr.gov.br, mail2.crecipr.gov.br', 1),
(417, 'crecirn.gov.br', 'aspmx.l.google.com, alt1.aspmx.l.google.com, alt2.aspmx.l.google.com, alt3.aspmx.l.google.com, alt4.aspmx.l.google.com', 1),
(418, 'creciro.gov.br', 'aspmx.l.google.com, alt1.aspmx.l.google.com, alt2.aspmx.l.google.com, alt3.aspmx.l.google.com, alt4.aspmx.l.google.com', 1),
(419, 'crecise.gov.br', 'aspmx.l.google.com, alt1.aspmx.l.google.com, alt2.aspmx.l.google.com, alt3.aspmx.l.google.com, alt4.aspmx.l.google.com', 1),
(420, 'crecisp.gov.br', 'aspmx.l.google.com, alt1.aspmx.l.google.com, alt2.aspmx.l.google.com, alt3.aspmx.l.google.com, alt4.aspmx.l.google.com', 1),
(421, 'crecito.gov.br', 'mail.crecito.gov.br', 1),
(422, 'crediamigo.gov.br', NULL, 0),
(423, 'creditoruralcaixa.gov.br', NULL, 0),
(424, 'cref-sp.gov.br', 'cref-sp.gov.br', 1),
(425, 'cref4-sp.gov.br', 'cref4-sp.gov.br', 1),
(426, 'cref4.gov.br', 'cref4.gov.br', 1),
(427, 'cref4sp.gov.br', 'cref4sp.gov.br', 1),
(428, 'crefito-sp.gov.br', 'aspmx.l.google.com, alt1.aspmx.l.google.com, alt2.aspmx.l.google.com, aspmx2.googlemail.com, aspmx3.googlemail.com, aspmx4.googlemail.com, aspmx5.googlemail.com', 1),
(429, 'crefito.gov.br', NULL, 0),
(430, 'crefito11.gov.br', 'mx.core.locaweb.com.br, mx.a.locaweb.com.br, mx.b.locaweb.com.br, mx.jk.locaweb.com.br', 1),
(431, 'crefito16.gov.br', 'mx.a.locaweb.com.br, mx.b.locaweb.com.br, mx.jk.locaweb.com.br', 1),
(432, 'crefito2.gov.br', 'mx.b.locaweb.com.br, mx.core.locaweb.com.br, mx.a.locaweb.com.br, mx.jk.locaweb.com.br', 1),
(433, 'crefito4.gov.br', 'crefito4.gov.br', 1),
(434, 'crefito7.gov.br', 'mail.crefito7.gov.br', 1),
(435, 'crefito8.gov.br', 'crefito8-gov-br.mail.protection.outlook.com, antigo.mx.a.locaweb.com.br, antigo.mx.b.locaweb.com.br, antigo.mx.jk.locaweb.com.br, ms94649695.msv1.invalid', 1),
(436, 'crefitosp.gov.br', NULL, 0),
(437, 'crefono1.gov.br', 'mx.core.locaweb.com.br, mx.a.locaweb.com.br, mx.b.locaweb.com.br, mx.jk.locaweb.com.br', 1),
(438, 'crefono8.gov.br', 'hl06mta1.argohost.net, hl06mta2.argohost.net, hl06mta3.argohost.net', 1),
(439, 'crefsp.gov.br', 'h01r16.llevon.com.br', 1),
(440, 'cremesp.gov.br', 'mx.cremesp.gov.br', 1),
(441, 'crescenordeste.gov.br', NULL, 0),
(442, 'cress-sc.gov.br', 'mx.core.locaweb.com.br, mx.a.locaweb.com.br, mx.b.locaweb.com.br, mx.jk.locaweb.com.br', 1),
(443, 'crfa1.gov.br', NULL, 0),
(444, 'crfsc.gov.br', 'crfsc.gov.br', 1),
(445, 'crm-rj.gov.br', 'aspmx.l.google.com, alt1.aspmx.l.google.com, alt2.aspmx.l.google.com, alt3.aspmx.l.google.com, alt4.aspmx.l.google.com', 1),
(446, 'crm.gov.br', 'crm-gov-br.mail.protection.outlook.com', 1),
(447, 'crmrj.gov.br', NULL, 0),
(448, 'crmvmg.gov.br', 'mx.spamexperts.com, fallbackmx.spamexperts.eu, lastmx.spamexperts.net', 1),
(449, 'crmvpaap.gov.br', NULL, 0),
(450, 'crmvrn.gov.br', 'mx.b.locaweb.com.br, mx.core.locaweb.com.br, mx.a.locaweb.com.br, mx.jk.locaweb.com.br', 1),
(451, 'crmvrs.gov.br', 'mx.emailsecurityonline.com.br', 1),
(452, 'crmvsc.gov.br', 'mail.crmvsc.gov.br', 1),
(453, 'crmvsp.gov.br', 'mx.b.locaweb.com.br, mx.core.locaweb.com.br, mx.a.locaweb.com.br, mx.jk.locaweb.com.br', 1),
(454, 'crmvto.gov.br', 'mx.cfmv.gov.br, mx2.cfmv.gov.br', 1),
(455, 'cromg.gov.br', 'aspmx.l.google.com, alt1.aspmx.l.google.com, alt2.aspmx.l.google.com, aspmx2.googlemail.com, aspmx3.googlemail.com', 1),
(456, 'crq-9.gov.br', 'mail.crq-9.gov.br', 1),
(457, 'crq-pr.gov.br', NULL, 0),
(458, 'crq12.gov.br', 'aspmx.l.google.com, alt1.aspmx.l.google.com, alt2.aspmx.l.google.com, alt3.aspmx.l.google.com, alt4.aspmx.l.google.com', 1),
(459, 'crq13.gov.br', 'aspmx.l.google.com, alt1.aspmx.l.google.com, alt2.aspmx.l.google.com, alt3.aspmx.l.google.com, alt4.aspmx.l.google.com', 1),
(460, 'crq7.gov.br', 'antispam.pensomail.com.br', 1),
(461, 'crq9.gov.br', 'aspmx.l.google.com, alt1.aspmx.l.google.com, alt2.aspmx.l.google.com, alt3.aspmx.l.google.com, alt4.aspmx.l.google.com', 1),
(462, 'crqpr.gov.br', NULL, 0),
(463, 'crqsc.gov.br', 'aspmx.l.google.com, alt2.aspmx.l.google.com, alt3.aspmx.l.google.com, alt4.aspmx.l.google.com, alt5.aspmx.l.google.com', 1),
(464, 'crqxx.gov.br', 'mx.core.locaweb.com.br, mx.a.locaweb.com.br, mx.b.locaweb.com.br, mx.jk.locaweb.com.br', 1),
(465, 'crt.gov.br', NULL, 0),
(466, 'crt01.gov.br', 'aspmx.l.google.com, alt1.aspmx.l.google.com, alt2.aspmx.l.google.com, alt3.aspmx.l.google.com, alt4.aspmx.l.google.com', 1),
(467, 'crt02.gov.br', 'aspmx.l.google.com, alt1.aspmx.l.google.com, alt2.aspmx.l.google.com, alt3.aspmx.l.google.com, alt4.aspmx.l.google.com', 1),
(468, 'crt03.gov.br', 'aspmx.l.google.com, alt1.aspmx.l.google.com, alt2.aspmx.l.google.com, alt3.aspmx.l.google.com, alt4.aspmx.l.google.com', 1),
(469, 'crtes.gov.br', 'aspmx.l.google.com, alt1.aspmx.l.google.com, alt2.aspmx.l.google.com, alt3.aspmx.l.google.com, alt4.aspmx.l.google.com', 1),
(470, 'crtmg.gov.br', 'mx-vip-01.uni5.net, mx-vip-02.uni5.net', 1),
(471, 'crtr01.gov.br', 'mx.b.locaweb.com.br, mx.core.locaweb.com.br, mx.a.locaweb.com.br, mx.jk.locaweb.com.br', 1),
(472, 'crtr14.gov.br', 'crtr14-gov-br.mail.protection.outlook.com', 1),
(473, 'crtr17.gov.br', 'mx1.ntshs.net, mail.crtr17.gov.br, mx2.ntshs.net', 1),
(474, 'crtr18.gov.br', 'mx.b.locaweb.com.br, mx.core.locaweb.com.br, mx.a.locaweb.com.br, mx.jk.locaweb.com.br', 1),
(475, 'crtr19.gov.br', 'smtpvin1.f1.k8.com.br', 1),
(476, 'crtrceara.gov.br', 'mx.core.locaweb.com.br, mx.a.locaweb.com.br, mx.b.locaweb.com.br, mx.jk.locaweb.com.br', 1),
(477, 'crtrj.gov.br', 'aspmx.l.google.com, alt1.aspmx.l.google.com, alt2.aspmx.l.google.com, alt3.aspmx.l.google.com, alt4.aspmx.l.google.com', 1),
(478, 'crtrpe.gov.br', 'mail.crtrpe.gov.br', 1),
(479, 'crtrrj.gov.br', 'antispam2.llevon.com.br, mail.crtrrj.gov.br, h01r12.llevon.com.br', 1),
(480, 'crtsp.gov.br', 'mail.crtsp.gov.br', 1),
(481, 'csjt.gov.br', NULL, 0),
(482, 'ctac.gov.br', NULL, 0),
(483, 'ctav.gov.br', NULL, 0),
(484, 'cti.gov.br', 'teresopolis.cti.gov.br', 1),
(485, 'ctir.gov.br', 'luminol.ctir.gov.br', 1),
(486, 'cultura.gov.br', 'cultura-gov-br.mail.protection.outlook.com', 1),
(487, 'culturaviva.gov.br', NULL, 0),
(488, 'cvm.gov.br', 'cvm-gov-br.mail.protection.outlook.com', 1),
(489, 'd.gov.br', NULL, 0),
(490, 'dados.gov.br', 'protection.serpro.gov.br', 1),
(491, 'data.gov.br', NULL, 0),
(492, 'dataprev.gov.br', 'dataprev-gov-br.mail.protection.outlook.com, smtp2.dataprev.gov.br, mailint.dataprev.gov.br', 1),
(493, 'datasus.gov.br', 'azulao.datasus.gov.br, falcao.datasus.gov.br', 1),
(494, 'decea.gov.br', 'decea-gov-br.mail.protection.outlook.com', 1),
(495, 'defesa.gov.br', 'silicio.defesa.gov.br', 1),
(496, 'defesacivil.gov.br', 'mx1.defesacivil.gov.br, mx2.defesacivil.gov.br', 1),
(497, 'defesadoconsumidor.gov.br', 'defesadoconsumidor-gov-br.mail.protection.outlook.com, piaget00.mj.gov.br', 1),
(498, 'denatran.gov.br', NULL, 0),
(499, 'depen.gov.br', NULL, 0),
(500, 'deputado.gov.br', 'souzinha1.camara.gov.br, souzinha2.camara.gov.br, souzinha3.camara.gov.br', 1),
(501, 'desafios.gov.br', NULL, 0),
(502, 'desaparecidos.gov.br', NULL, 0),
(503, 'desenrola.gov.br', NULL, 0),
(504, 'desenvolvimento.gov.br', NULL, 0),
(505, 'desenvolvimentosocial.gov.br', 'smtp-serpro01.mds.gov.br, smtp-serpro02.mds.gov.br', 1),
(506, 'df.gov.br', 'smtp053.gdfnet.df.gov.br, smtp054.gdfnet.df.gov.br, smtp051.gdfnet.df.gov.br', 1),
(507, 'dialoga.gov.br', 'esa01.presidencia.gov.br, esa02.presidencia.gov.br', 1),
(508, 'dialogabrasil.gov.br', 'esa01.presidencia.gov.br, esa02.presidencia.gov.br', 1),
(509, 'diariodajustica.gov.br', NULL, 0),
(510, 'diesporte.gov.br', NULL, 0),
(511, 'dinheiroaqui.gov.br', NULL, 0),
(512, 'dinheiroemcaixa.gov.br', NULL, 0),
(513, 'dinheiroinstantaneo.gov.br', NULL, 0),
(514, 'dinheirovivo.gov.br', NULL, 0),
(515, 'direitosdacrianca.gov.br', NULL, 0),
(516, 'direitoshumanos.gov.br', 'mailing.direitoshumanos.gov.br', 1),
(517, 'disque100.gov.br', NULL, 0),
(518, 'dj.gov.br', NULL, 0),
(519, 'dni.gov.br', NULL, 0),
(520, 'dnit.gov.br', 'dc02-dnit-mx02.mlicloud.com, dc03-dnit-mx01.mlicloud.com', 1),
(521, 'dnocs.gov.br', 'smtp.dnocs.gov.br, webmail.dnocs.gov.br, d01ls029v.dnocs.gov.br', 1),
(522, 'dnpm-pe.gov.br', 'dnpm-pe.gov.br', 1),
(523, 'dnpm.gov.br', 'dnpm-gov-br.mail.protection.outlook.com', 1),
(524, 'doacoes.gov.br', NULL, 0),
(525, 'dominiopublico.gov.br', 'dominiopublico-gov-br.mail.protection.outlook.com', 1),
(526, 'dou.gov.br', NULL, 0),
(527, 'dpf.gov.br', 'dpf-gov-br.mail.protection.outlook.com', 1),
(528, 'dpr.gov.br', 'mailmx.abc.gov.br', 1),
(529, 'dprf.gov.br', NULL, 0),
(530, 'dpu.gov.br', NULL, 0),
(531, 'dte.gov.br', 'mx01.abin.gov.br, mx02.abin.gov.br', 1),
(532, 'dtpdf.gov.br', NULL, 0),
(533, 'duplasena.gov.br', NULL, 0),
(534, 'e-car.gov.br', NULL, 0),
(535, 'e-conta.gov.br', NULL, 0),
(536, 'e-contacaixa.gov.br', NULL, 0),
(537, 'e-jud.gov.br', NULL, 0),
(538, 'e-jus.gov.br', NULL, 0),
(539, 'e-pagamentos.gov.br', NULL, 0),
(540, 'e-pagamentoscaixa.gov.br', NULL, 0),
(541, 'e-parana.gov.br', 'ssmtp002.pr.gov.br, smtp.pr.gov.br', 1),
(542, 'e-post.gov.br', NULL, 0),
(543, 'e-sic.gov.br', NULL, 0),
(544, 'e-stj.gov.br', NULL, 0),
(545, 'e.gov.br', 'relayone.serpro.gov.br', 1),
(546, 'eafmachado.gov.br', 'email.eafmachado.gov.br', 1),
(547, 'eafmuz.gov.br', NULL, 0),
(548, 'eafsombrio.gov.br', 'mx-caprica.zoneedit.com', 1),
(549, 'ebndes.gov.br', NULL, 0),
(550, 'ebserh.gov.br', 'ebserh-gov-br.mail.protection.outlook.com', 1),
(551, 'ecobrancacaixa.gov.br', NULL, 0),
(552, 'economia.gov.br', 'dc02-economia-mx01.mlicloud.com, dc02-economia-mx02.mlicloud.com, economia-mx-balancer.mlicloud.com', 1),
(553, 'economizar.gov.br', NULL, 0),
(554, 'ect.gov.br', NULL, 0),
(555, 'edemocracia.gov.br', NULL, 0),
(556, 'educacao.gov.br', 'educacao-gov-br.mail.protection.outlook.com', 1),
(557, 'educacion.gov.br', NULL, 0),
(558, 'education.gov.br', NULL, 0),
(559, 'edufinanceiranaescola.gov.br', NULL, 0),
(560, 'eixos.gov.br', NULL, 0),
(561, 'eleicoes.gov.br', 'deedee.tse.gov.br, dexter.tse.gov.br', 1),
(562, 'eletrobras.gov.br', 'mxa-007a2802.gslb.pphosted.com, mxb-007a2802.gslb.pphosted.com', 1),
(563, 'eletrofurnas.gov.br', NULL, 0),
(564, 'eletronorte.gov.br', 'mxa-007a2802.gslb.pphosted.com, mxb-007a2802.gslb.pphosted.com', 1),
(565, 'eletronuclear.gov.br', 'asetn01.eletronuclear.gov.br, asetn02.eletronuclear.gov.br', 1),
(566, 'eletrosul.gov.br', NULL, 0),
(567, 'eln.gov.br', 'mxa-007a2802.gslb.pphosted.com, mxb-007a2802.gslb.pphosted.com', 1),
(568, 'embrapa.gov.br', NULL, 0),
(569, 'embratur.gov.br', 'mx.embratur.gov.br, mx2.embratur.gov.br', 1),
(570, 'emgea.gov.br', 'aruba.emgea.gov.br', 1),
(571, 'emgepron.gov.br', 'mx1.emgepron.gov.br, mx3.emgepron.gov.br, mx4.emgepron.gov.br', 1),
(572, 'emprel.gov.br', 'smtp.google.com', 1),
(573, 'empresa.gov.br', NULL, 0),
(574, 'empresasimples.gov.br', NULL, 0),
(575, 'enamat.gov.br', NULL, 0),
(576, 'enap.gov.br', 'enap-gov-br.mail.protection.outlook.com', 1),
(577, 'enbpar.gov.br', 'enbpar-gov-br.mail.protection.outlook.com', 1),
(578, 'enccla.gov.br', NULL, 0),
(579, 'energiaboavista.gov.br', NULL, 0),
(580, 'energiabv.gov.br', NULL, 0),
(581, 'ensaiosclinicos.gov.br', 'ensaiosclinicos.gov.br', 1),
(582, 'entespublicos.gov.br', NULL, 0),
(583, 'environment.gov.br', NULL, 0),
(584, 'epe.gov.br', NULL, 0),
(585, 'epl.gov.br', 'epl-gov-br.mail.protection.outlook.com', 1),
(586, 'epost.gov.br', NULL, 0),
(587, 'eproc-pr.gov.br', NULL, 0),
(588, 'eproc-rs.gov.br', NULL, 0),
(589, 'eproc-sc.gov.br', NULL, 0),
(590, 'eproc.gov.br', NULL, 0),
(591, 'equilibriodecontas.gov.br', NULL, 0),
(592, 'errec.gov.br', NULL, 0),
(593, 'es.gov.br', 'gw1.correio.es.gov.br, gw2.correio.es.gov.br', 1),
(594, 'esamur.gov.br', NULL, 0),
(595, 'escoladotrabalhador.gov.br', 'mailmtb.escoladotrabalhador.gov.br', 1),
(596, 'escolavirtual.gov.br', NULL, 0),
(597, 'esd.gov.br', 'mail.esd.gov.br', 1),
(598, 'esic.gov.br', NULL, 0),
(599, 'esmpu.gov.br', NULL, 0),
(600, 'esocial.gov.br', 'protection.serpro.gov.br', 1),
(601, 'esporte.gov.br', 'esporte-gov-br.mail.protection.outlook.com', 1),
(602, 'esportiva.gov.br', NULL, 0),
(603, 'etfc.gov.br', NULL, 0),
(604, 'eufiscalizo.gov.br', NULL, 0),
(605, 'eusoumaismedico.gov.br', NULL, 0),
(606, 'eusoumaismedicos.gov.br', NULL, 0),
(607, 'evg.gov.br', NULL, 0),
(608, 'exercito.gov.br', NULL, 0),
(609, 'expofeiras.gov.br', 'relay.mdic.gov.br, smtp2.mdic.gov.br', 1),
(610, 'exportadoresbrasilenos.gov.br', 'relay.mdic.gov.br, smtp2.mdic.gov.br', 1),
(611, 'expresso.gov.br', 'mailscan-in.serpro.gov.br', 1),
(612, 'fab.gov.br', 'mail7.fab.gov.br', 1),
(613, 'faesa-oscip.gov.br', NULL, 0),
(614, 'faroldodesenvolvimento.gov.br', NULL, 0),
(615, 'fat.gov.br', 'mx1.mte.gov.br, mx2.mte.gov.br', 1),
(616, 'fazenda.gov.br', 'mte-mx03.mlicloud.com, mte-mx04.mlicloud.com, dc02-economia-mx01.mlicloud.com, dc02-economia-mx02.mlicloud.com', 1),
(617, 'fbn.gov.br', NULL, 0),
(618, 'federal.gov.br', NULL, 0),
(619, 'federalcap.gov.br', NULL, 0),
(620, 'federalcard.gov.br', NULL, 0),
(621, 'fgts.gov.br', NULL, 0),
(622, 'fhdf.gov.br', NULL, 0),
(623, 'fibge.gov.br', 'e2c3358fd45147b663d5a538f5f9fb.mail.outlook.com', 1),
(624, 'finame.gov.br', NULL, 0),
(625, 'finep.gov.br', 'finep-gov-br.mail.protection.outlook.com', 1),
(626, 'fjp.gov.br', NULL, 0),
(627, 'florestal.gov.br', 'florestal2023-mail-onmicrosoft-com.mail.protection.outlook.com', 1),
(628, 'fnde.gov.br', 'fnde-gov-br.mail.protection.outlook.com', 1),
(629, 'focco-pb.gov.br', NULL, 0),
(630, 'foccopb.gov.br', NULL, 0),
(631, 'fomezero.gov.br', 'smtp-serpro.mds.gov.br', 1),
(632, 'fonoaudiologia-1.gov.br', NULL, 0),
(633, 'fonoaudiologia-rj.gov.br', NULL, 0),
(634, 'forumpermanente.gov.br', NULL, 0),
(635, 'forumsipec.gov.br', NULL, 0),
(636, 'forumsocinfo.gov.br', NULL, 0),
(637, 'frameworkdemoiselle.gov.br', NULL, 0),
(638, 'frp.gov.br', NULL, 0),
(639, 'funag.gov.br', 'funag-gov-br.mail.protection.outlook.com', 1),
(640, 'funai.gov.br', 'funai-gov-br.mail.protection.outlook.com, smtp1.funai.gov.br, smtp2.funai.gov.br, primary.us.email.fireeyecloud.com, alt1.us.email.fireeyecloud.com, alt2.us.email.fireeyecloud.com, alt3.us.email.fireeyecloud.com', 1),
(641, 'funarte.gov.br', 'funarte-gov-br.mail.protection.outlook.com', 1),
(642, 'funasa.gov.br', 'funasa.in.tmes.trendmicro.com', 1),
(643, 'fundacentro.gov.br', 'fundacentro-gov-br.mail.protection.outlook.com', 1),
(644, 'fundaj.gov.br', 'aspmx.l.google.com, alt1.aspmx.l.google.com, alt2.aspmx.l.google.com, alt3.aspmx.l.google.com, alt4.aspmx.l.google.com', 1),
(645, 'fundoamazonia-bndes.gov.br', NULL, 0),
(646, 'fundoamazonia.gov.br', 'fundoamazonia-gov-br.mail.protection.outlook.com', 1),
(647, 'funpresp-exe.gov.br', NULL, 0),
(648, 'funpresp.gov.br', 'mx.funpresp.gov.br', 1),
(649, 'furnas.gov.br', NULL, 0),
(650, 'g20.gov.br', 'protection.serpro.gov.br', 1),
(651, 'gdf.gov.br', 'smtp053.gdfnet.df.gov.br, smtp054.gdfnet.df.gov.br, smtp051.gdfnet.df.gov.br', 1),
(652, 'geipot.gov.br', NULL, 0),
(653, 'gespublica.gov.br', NULL, 0),
(654, 'gestao.gov.br', 'mte-mx03.mlicloud.com, mte-mx04.mlicloud.com, dc02-economia-mx01.mlicloud.com, dc02-economia-mx02.mlicloud.com', 1),
(655, 'gestaoemdestaque.gov.br', NULL, 0),
(656, 'gestaopublica.gov.br', NULL, 0),
(657, 'gnre.gov.br', NULL, 0),
(658, 'go.gov.br', 'mailinspector-goias.lb.go.gov.br', 1),
(659, 'goias.gov.br', 'goias-gov-br.mail.protection.outlook.com, mta1.go.gov.br', 1),
(660, 'govbankingcaixa.gov.br', NULL, 0),
(661, 'govdata.gov.br', NULL, 0),
(662, 'governo.gov.br', 'esa01.presidencia.gov.br, esa02.presidencia.gov.br', 1),
(663, 'governodigital.gov.br', NULL, 0),
(664, 'governoeletronico.gov.br', NULL, 0),
(665, 'gra.gov.br', 'protection.serpro.gov.br', 1),
(666, 'gsi.gov.br', 'esa01.presidencia.gov.br, esa02.presidencia.gov.br', 1),
(667, 'guiadeservicos.gov.br', NULL, 0),
(668, 'guiafacilgps.gov.br', NULL, 0),
(669, 'hemobras.gov.br', 'srvwsbrexet01.hemobras.gov.br', 1),
(670, 'historiaeloucura.gov.br', NULL, 0),
(671, 'hpiedade.gov.br', NULL, 0),
(672, 'hrps.gov.br', NULL, 0),
(673, 'humanizaredes.gov.br', NULL, 0),
(674, 'ibama.gov.br', 'ibama-gov-br.mail.protection.outlook.com', 1),
(675, 'ibc.gov.br', 'aspmx.l.google.com, alt1.aspmx.l.google.com, alt2.aspmx.l.google.com, alt3.aspmx.l.google.com, alt4.aspmx.l.google.com', 1),
(676, 'ibge.gov.br', 'ibge-gov-br.mail.protection.outlook.com', 1),
(677, 'ibram.gov.br', 'ibram07.ibram.gov.br', 1),
(678, 'ic-brazil.gov.br', 'aspmx.l.google.com, alt1.aspmx.l.google.com, alt2.aspmx.l.google.com, aspmx2.googlemail.com, aspmx3.googlemail.com, aspmx4.googlemail.com, aspmx5.googlemail.com', 1),
(679, 'icea.gov.br', NULL, 0),
(680, 'icmbio.gov.br', 'icmbio-gov-br.mail.protection.outlook.com', 1),
(681, 'icpbrasil.gov.br', 'mx.icpbrasil.gov.br, mx.acraiz.gov.br', 1),
(682, 'iec.gov.br', 'mail.iec.gov.br', 1),
(683, 'ien.gov.br', 'ien-gov-br.mail.protection.outlook.com', 1),
(684, 'igam.gov.br', NULL, 0),
(685, 'igualdaderacial.gov.br', 'mdh.in.tmes.trendmicro.com', 1),
(686, 'ilbsenado.gov.br', NULL, 0),
(687, 'imbel.gov.br', 'relay.eb.mil.br, relay2.eb.mil.br', 1),
(688, 'imprensanacional.gov.br', NULL, 0),
(689, 'in.gov.br', NULL, 0),
(690, 'inb.gov.br', 'sol-01.inb.gov.br, sol-02.inb.gov.br', 1),
(691, 'inca.gov.br', 'smtp.google.com, srvgw02.inca.gov.br', 1),
(692, 'inclusaodigital.gov.br', NULL, 0),
(693, 'incra.gov.br', 'incra-gov-br.mail.protection.outlook.com', 1),
(694, 'inde.gov.br', 'inde-gov-br.mail.protection.outlook.com', 1),
(695, 'industria40.gov.br', NULL, 0),
(696, 'inep.gov.br', 'mx01.inep.gov.br, mx02.inep.gov.br, relay.inep.gov.br', 1),
(697, 'ines.gov.br', 'aspmx.l.google.com, alt1.aspmx.l.google.com, alt2.aspmx.l.google.com, alt3.aspmx.l.google.com, alt4.aspmx.l.google.com', 1),
(698, 'info.gov.br', NULL, 0),
(699, 'infoconsumo.gov.br', NULL, 0),
(700, 'infojus.gov.br', NULL, 0),
(701, 'informacao.gov.br', NULL, 0),
(702, 'informacaoecidadania.gov.br', NULL, 0),
(703, 'infoseg.gov.br', 'piaget00.mj.gov.br, piaget.mj.gov.br, maine.mj.gov.br', 1),
(704, 'infra-estruturabrasil.gov.br', NULL, 0),
(705, 'infraero.gov.br', 'mail.infraero.gov.br', 1),
(706, 'infraestrutura.gov.br', NULL, 0),
(707, 'infraestruturabrasil.gov.br', NULL, 0),
(708, 'infrasa.gov.br', 'infrasa-gov-br.mail.protection.outlook.com', 1),
(709, 'infrastructurebrazil.gov.br', NULL, 0),
(710, 'inma.gov.br', 'aspmx.l.google.com, alt1.aspmx.l.google.com, alt2.aspmx.l.google.com, alt3.aspmx.l.google.com, alt4.aspmx.l.google.com', 1),
(711, 'inmet.gov.br', 'inmet-gov-br.mail.protection.outlook.com', 1),
(712, 'inmetro.gov.br', 'ksmg.inmetro.gov.br', 1),
(713, 'inmetrogo.gov.br', 'ksmg.inmetrogo.gov.br', 1),
(714, 'inova.gov.br', NULL, 0),
(715, 'inpa.gov.br', 'mailserver.inpa.gov.br', 1),
(716, 'inpi.gov.br', 'smtp.inpi.gov.br', 1),
(717, 'inpp.gov.br', 'aspmx.l.google.com, alt1.aspmx.l.google.com, alt2.aspmx.l.google.com, alt3.aspmx.l.google.com, alt4.aspmx.l.google.com', 1),
(718, 'insa.gov.br', 'aspmx.l.google.com, alt1.aspmx.l.google.com, alt2.aspmx.l.google.com, alt3.aspmx.l.google.com, alt4.aspmx.l.google.com', 1),
(719, 'inss.gov.br', 'inss-gov-br.mail.protection.outlook.com', 1),
(720, 'instantanea.gov.br', NULL, 0),
(721, 'institutochicomendes.gov.br', 'mailscan-in.serpro.gov.br', 1),
(722, 'institutodamataatlantica.gov.br', 'aspmx.l.google.com, alt1.aspmx.l.google.com, alt2.aspmx.l.google.com, alt3.aspmx.l.google.com, alt4.aspmx.l.google.com', 1),
(723, 'int.gov.br', 'dcse-23.int.gov.br', 1),
(724, 'integracao.gov.br', 'integracao-gov-br.mail.protection.outlook.com', 1),
(725, 'interlegis.gov.br', 'naumailmtain1.interlegis.leg.br, naumailmtain2.interlegis.leg.br, naumailmtain3.interlegis.leg.br', 1),
(726, 'intervencaofederalrj.gov.br', NULL, 0),
(727, 'investcaixa.gov.br', NULL, 0),
(728, 'investecaixa.gov.br', NULL, 0),
(729, 'investexportbrasil.gov.br', NULL, 0),
(730, 'investexportbrazil.gov.br', NULL, 0),
(731, 'investidor.gov.br', NULL, 0),
(732, 'investidoresinstitucionais.gov.br', NULL, 0),
(733, 'investinbrazil.gov.br', NULL, 0),
(734, 'invexbrasil.gov.br', NULL, 0),
(735, 'ipardes.gov.br', 'ssmtp002.pr.gov.br, ssmtp003.pr.gov.br, smtp.pr.gov.br', 1),
(736, 'ipea.gov.br', 'ipea-gov-br.mail.protection.outlook.com', 1),
(737, 'ipeadata.gov.br', 'mailmaster4.ipea.gov.br', 1),
(738, 'iphan.gov.br', 'iphan-gov-br.mail.protection.outlook.com', 1),
(739, 'ipp.gov.br', NULL, 0),
(740, 'ipsm.gov.br', 'ipsm-gov-br.mail.protection.outlook.com', 1),
(741, 'irb-brasilre.gov.br', 'caxias.irbbrasilre.com, tijuca.irbbrasilre.com', 1),
(742, 'irb.gov.br', 'caxias.irbbrasilre.com, tijuca.irbbrasilre.com', 1),
(743, 'irbbrasilre.gov.br', 'caxias.irbbrasilre.com, tijuca.irbbrasilre.com', 1),
(744, 'ird.gov.br', 'ird-gov-br.mail.protection.outlook.com', 1),
(745, 'itaipu.gov.br', 'itaipu-gov-br.mail.protection.outlook.com', 1),
(746, 'itamaraty.gov.br', 'itamaraty-gov-br.mail.protection.outlook.com', 1),
(747, 'iti.gov.br', 'iti-gov-br.mail.protection.outlook.com', 1),
(748, 'jbrj.gov.br', 'aspmx.l.google.com, alt1.aspmx.l.google.com, alt2.aspmx.l.google.com, alt3.aspmx.l.google.com, alt4.aspmx.l.google.com', 1),
(749, 'jef-pr.gov.br', NULL, 0),
(750, 'jef-rs.gov.br', NULL, 0),
(751, 'jef-sc.gov.br', NULL, 0),
(752, 'jf.gov.br', NULL, 0),
(753, 'jfal.gov.br', NULL, 0),
(754, 'jfce.gov.br', 'jfce-gov-br.mail.protection.outlook.com', 1),
(755, 'jfceara.gov.br', NULL, 0),
(756, 'jfes.gov.br', 'mail.jfes.gov.br', 1),
(757, 'jfms.gov.br', NULL, 0),
(758, 'jfpb.gov.br', NULL, 0),
(759, 'jfpe.gov.br', NULL, 0),
(760, 'jfpr.gov.br', NULL, 0),
(761, 'jfrj.gov.br', 'mx.jfrj.jus.br, mx.trf2.jus.br', 1),
(762, 'jfrn.gov.br', 'ironport.jfrn.gov.br', 1),
(763, 'jfrs.gov.br', 'mx1.jfrs.gov.br, mx2.jfrs.gov.br', 1),
(764, 'jfsc.gov.br', NULL, 0),
(765, 'jfse.gov.br', NULL, 0),
(766, 'jfsp.gov.br', NULL, 0),
(767, 'jt.gov.br', NULL, 0),
(768, 'justica.gov.br', NULL, 0),
(769, 'justicadotrabalho.gov.br', NULL, 0),
(770, 'justicaeleitoral.gov.br', NULL, 0),
(771, 'justicafederal.gov.br', 'mx.justicafederal.gov.br', 1),
(772, 'justra.gov.br', NULL, 0),
(773, 'juventude.gov.br', NULL, 0),
(774, 'labcluster.gov.br', NULL, 0),
(775, 'lai.gov.br', NULL, 0),
(776, 'lexml.gov.br', NULL, 0),
(777, 'linea.gov.br', NULL, 0),
(778, 'logisticabrasil.gov.br', NULL, 0),
(779, 'logisticsbrazil.gov.br', NULL, 0),
(780, 'lojacaixa.gov.br', NULL, 0),
(781, 'loteca.gov.br', NULL, 0),
(782, 'loteriaesportiva.gov.br', NULL, 0),
(783, 'loteriafederal.gov.br', NULL, 0),
(784, 'loterias.gov.br', NULL, 0),
(785, 'loteriascaixa.gov.br', NULL, 0),
(786, 'loto-tauloteriadacopa.gov.br', NULL, 0),
(787, 'lotofacil.gov.br', NULL, 0),
(788, 'lotomania.gov.br', NULL, 0),
(789, 'ma.gov.br', 'mx1.srvmail.ma.gov.br', 1),
(790, 'maismedico.gov.br', NULL, 0),
(791, 'maismedicos.gov.br', 'maismedicos-gov-br.mail.protection.outlook.com', 1),
(792, 'manausenergia.gov.br', NULL, 0),
(793, 'maranhao.gov.br', NULL, 0),
(794, 'marinha.gov.br', NULL, 0),
(795, 'mb.gov.br', NULL, 0),
(796, 'mcom.gov.br', 'mcom-gov-br.mail.protection.outlook.com', 1),
(797, 'mcti.gov.br', 'mcti-gov-br.mail.protection.outlook.com', 1),
(798, 'mctic.gov.br', 'mx1.mctic.gov.br, mx2.mctic.gov.br', 1),
(799, 'mda.gov.br', 'cluster1.us.messagelabs.com, cluster1a.us.messagelabs.com', 1),
(800, 'mdh.gov.br', 'mdh.in.tmes.trendmicro.com', 1),
(801, 'mdic.gov.br', 'mte-mx03.mlicloud.com, mte-mx04.mlicloud.com, dc02-economia-mx01.mlicloud.com, dc02-economia-mx02.mlicloud.com', 1),
(802, 'mdr.gov.br', 'mdr-gov-br.mail.protection.outlook.com', 1),
(803, 'mds.gov.br', 'mds-gov-br.mail.protection.outlook.com', 1),
(804, 'mec.gov.br', 'mec-gov-br.mail.protection.outlook.com', 1),
(805, 'mega-sena.gov.br', NULL, 0),
(806, 'megasena.gov.br', NULL, 0),
(807, 'memoriabndes.gov.br', NULL, 0),
(808, 'memoriasreveladas.gov.br', NULL, 0),
(809, 'memp.gov.br', 'mte-mx03.mlicloud.com, mte-mx04.mlicloud.com, dc02-economia-mx01.mlicloud.com, dc02-economia-mx02.mlicloud.com', 1),
(810, 'mercadopublico.gov.br', NULL, 0),
(811, 'mercosul.gov.br', NULL, 0),
(812, 'mestradoprofissional.gov.br', 'mailmaster4.ipea.gov.br', 1),
(813, 'metrobh.gov.br', NULL, 0),
(814, 'meufuturoseguro.gov.br', NULL, 0),
(815, 'mg.gov.br', 'mx1.antispammg.mg.gov.br, mx2.antispammg.mg.gov.br, mx3.antispammg.mg.gov.br', 1),
(816, 'mi.gov.br', 'mx1.mi.gov.br, mx2.mi.gov.br', 1),
(817, 'microepequenaempresa.gov.br', NULL, 0),
(818, 'migrantes.gov.br', 'maine.mj.gov.br, piaget.mj.gov.br', 1),
(819, 'ministeriopublicodf.gov.br', NULL, 0),
(820, 'mj.gov.br', 'mj-gov-br.mail.protection.outlook.com', 1),
(821, 'mls.gov.br', 'mx.core.locaweb.com.br, mx.a.locaweb.com.br, mx.b.locaweb.com.br, mx.jk.locaweb.com.br', 1),
(822, 'mma.gov.br', 'mma-gov-br.mail.protection.outlook.com, mail01.mma.gov.br, mail.mma.gov.br', 1),
(823, 'mme.gov.br', 'correio2.mme.gov.br, mail.mme.gov.br', 1),
(824, 'mnba.gov.br', NULL, 0),
(825, 'monumenta.gov.br', NULL, 0),
(826, 'mp-df.gov.br', NULL, 0),
(827, 'mp.gov.br', NULL, 0),
(828, 'mpa.gov.br', 'cluster1.us.messagelabs.com, cluster1a.us.messagelabs.com', 1),
(829, 'mpdf.gov.br', NULL, 0),
(830, 'mpdft.gov.br', NULL, 0),
(831, 'mpes.gov.br', 'smtp01.mpes.gov.br', 1),
(832, 'mpf.gov.br', 'smtp1.mpu.gov.br, smtp2.mpu.gov.br', 1),
(833, 'mpm.gov.br', NULL, 0),
(834, 'mpor.gov.br', 'mpor-gov-br.mail.protection.outlook.com', 1),
(835, 'mps.gov.br', 'cioba.previdencia.gov.br', 1),
(836, 'mpt.gov.br', NULL, 0),
(837, 'mpu.gov.br', 'smtp1.mpu.mp.br, smtp2.mpu.mp.br', 1),
(838, 'mre.gov.br', 'mailmx.mre.gov.br', 1),
(839, 'ms.gov.br', 'snwl.ms.gov.br', 1),
(840, 'msp.gov.br', 'piaget00.mj.gov.br', 1),
(841, 'mt.gov.br', 'aspmx.l.google.com, alt1.aspmx.l.google.com, alt2.aspmx.l.google.com, alt3.aspmx.l.google.com, alt4.aspmx.l.google.com', 1),
(842, 'mte.gov.br', 'mte-mx03.mlicloud.com, mte-mx04.mlicloud.com, dc02-economia-mx01.mlicloud.com, dc02-economia-mx02.mlicloud.com', 1),
(843, 'mtecbo.gov.br', NULL, 0),
(844, 'mtp.gov.br', 'mte-mx03.mlicloud.com, mte-mx04.mlicloud.com, dc02-economia-mx01.mlicloud.com, dc02-economia-mx02.mlicloud.com', 1);
INSERT INTO `dominios_dns` (`id`, `dominio`, `dns`, `tem_dns`) VALUES
(845, 'mtps.gov.br', 'mx1.mte.gov.br, mx2.mte.gov.br', 1),
(846, 'mtur.gov.br', NULL, 0),
(847, 'mulheres.gov.br', 'mdh.in.tmes.trendmicro.com', 1),
(848, 'mulhergoverno.gov.br', NULL, 0),
(849, 'museudainconfidencia.gov.br', NULL, 0),
(850, 'museudebiologiamelloleitao.gov.br', 'mx.a.locaweb.com.br, mx.b.locaweb.com.br, mx.jk.locaweb.com.br', 1),
(851, 'museudoindio.gov.br', 'museudoindio-gov-br.mail.protection.outlook.com', 1),
(852, 'museus.gov.br', 'museus-gov-br.mail.protection.outlook.com', 1),
(853, 'navbrasil.gov.br', 'navbrasil-gov-br.mail.protection.outlook.com', 1),
(854, 'nbr.gov.br', 'smtp1.nbr.gov.br', 1),
(855, 'netgoverno.gov.br', NULL, 0),
(856, 'netminas.gov.br', NULL, 0),
(857, 'nfse.gov.br', NULL, 0),
(858, 'niteroi-artes.gov.br', 'mail.niteroi-artes.gov.br', 1),
(859, 'nordestedigital.gov.br', NULL, 0),
(860, 'nordesteeletronico.gov.br', NULL, 0),
(861, 'nordestenegocios.gov.br', NULL, 0),
(862, 'normas.gov.br', NULL, 0),
(863, 'noticias.gov.br', NULL, 0),
(864, 'novoaeroportorecife.gov.br', NULL, 0),
(865, 'nuclebras.gov.br', 'srvras.nuclebras.gov.br', 1),
(866, 'nuclep.gov.br', 'nuclep-gov-br.mail.protection.outlook.com', 1),
(867, 'nuvem.gov.br', NULL, 0),
(868, 'obrasnet.gov.br', NULL, 0),
(869, 'observatorioapl.gov.br', 'jacaranda.apps.ibict.br', 1),
(870, 'observatoriodegenero.gov.br', NULL, 0),
(871, 'oconsumidor.gov.br', NULL, 0),
(872, 'odmbrasil.gov.br', NULL, 0),
(873, 'odsbrasil.gov.br', NULL, 0),
(874, 'officebankingsocial.gov.br', NULL, 0),
(875, 'opeixeeaartedepescar.gov.br', NULL, 0),
(876, 'orcamento.gov.br', NULL, 0),
(877, 'orcamentofederal.gov.br', NULL, 0),
(878, 'ouvidoria.gov.br', NULL, 0),
(879, 'ouvidoriadoservidor.gov.br', NULL, 0),
(880, 'ouvidorias.gov.br', NULL, 0),
(881, 'pa.gov.br', 'colab-antispam-01.pa.gov.br, colab-antispam-02.pa.gov.br, colab-antispam-03.pa.gov.br', 1),
(882, 'pac.gov.br', NULL, 0),
(883, 'pactointegrador.gov.br', NULL, 0),
(884, 'paineis.gov.br', NULL, 0),
(885, 'palmares.gov.br', 'webmail.palmares.gov.br, mx1.palmares.gov.br, mx2.palmares.gov.br, mx3.palmares.gov.br', 1),
(886, 'parana.gov.br', NULL, 0),
(887, 'paranaeleitoral.gov.br', NULL, 0),
(888, 'participa.gov.br', 'esa01.presidencia.gov.br, esa02.presidencia.gov.br', 1),
(889, 'participabrasil.gov.br', NULL, 0),
(890, 'patriavoluntaria.gov.br', NULL, 0),
(891, 'patrimoniodetodos.gov.br', NULL, 0),
(892, 'pb.gov.br', 'mx1.pb.gov.br, mx2.pb.gov.br', 1),
(893, 'pbh.gov.br', 'aspmx.l.google.com, alt1.aspmx.l.google.com, alt2.aspmx.l.google.com, aspmx2.googlemail.com, aspmx3.googlemail.com, aspmx4.googlemail.com, aspmx5.googlemail.com', 1),
(894, 'pe.gov.br', 'asmail.peconectado.pe.gov.br', 1),
(895, 'pen.gov.br', NULL, 0),
(896, 'pensesimples.gov.br', NULL, 0),
(897, 'pernambuco.gov.br', NULL, 0),
(898, 'pesquisa.gov.br', NULL, 0),
(899, 'pessoacomdeficiencia.gov.br', NULL, 0),
(900, 'peticaoeletronica.gov.br', NULL, 0),
(901, 'petrobras.gov.br', NULL, 0),
(902, 'pf.gov.br', 'pf-gov-br.mail.protection.outlook.com', 1),
(903, 'pgfn.gov.br', 'aspmx.l.google.com, alt1.aspmx.l.google.com, alt2.aspmx.l.google.com, alt3.aspmx.l.google.com, alt4.aspmx.l.google.com', 1),
(904, 'pgi.gov.br', NULL, 0),
(905, 'pgr.gov.br', NULL, 0),
(906, 'pi.gov.br', 'zmta.pi.gov.br', 1),
(907, 'pimentalonga.gov.br', NULL, 0),
(908, 'planalto.gov.br', 'esa01.presidencia.gov.br, esa02.presidencia.gov.br', 1),
(909, 'planejamento.gov.br', 'mte-mx03.mlicloud.com, mte-mx04.mlicloud.com, dc02-economia-mx01.mlicloud.com, dc02-economia-mx02.mlicloud.com', 1),
(910, 'planejamentoterritorial.gov.br', NULL, 0),
(911, 'planobrasil.gov.br', NULL, 0),
(912, 'plataformamaisbrasil.gov.br', NULL, 0),
(913, 'plenarinho.gov.br', 'souzinha1.camara.gov.br, souzinha2.camara.gov.br, souzinha3.camara.gov.br', 1),
(914, 'pmss.gov.br', NULL, 0),
(915, 'pncp.gov.br', NULL, 0),
(916, 'policiafederal.gov.br', NULL, 0),
(917, 'portal.gov.br', 'protection.serpro.gov.br', 1),
(918, 'portalbrasil.gov.br', NULL, 0),
(919, 'portalchina.gov.br', NULL, 0),
(920, 'portalcofen.gov.br', NULL, 0),
(921, 'portalconsular.gov.br', NULL, 0),
(922, 'portalcoren-rs.gov.br', 'aspmx.l.google.com, alt1.aspmx.l.google.com, alt2.aspmx.l.google.com, alt3.aspmx.l.google.com, alt4.aspmx.l.google.com', 1),
(923, 'portaldajustica.gov.br', NULL, 0),
(924, 'portaldasaguas.gov.br', 'sucuri.snisb.gov.br, bonito.snisb.gov.br', 1),
(925, 'portaldatransparencia.gov.br', NULL, 0),
(926, 'portaldoconsumidor.gov.br', 'mailmx2.portaldoconsumidor.gov.br', 1),
(927, 'portaldoempreendedor.gov.br', NULL, 0),
(928, 'portaldoinvestidor.gov.br', NULL, 0),
(929, 'portalfederativo.gov.br', NULL, 0),
(930, 'portalgoverno.gov.br', NULL, 0),
(931, 'portaljt.gov.br', NULL, 0),
(932, 'portalmaisbrasil.gov.br', NULL, 0),
(933, 'portalpadrao.gov.br', NULL, 0),
(934, 'portalpamse.gov.br', NULL, 0),
(935, 'portalsiscomex.gov.br', NULL, 0),
(936, 'portaltransparencia.gov.br', NULL, 0),
(937, 'portodesantos.gov.br', 'portodesantos-gov-br.mail.protection.outlook.com', 1),
(938, 'portodevitoria.gov.br', 'portodevitoria.gov.br', 1),
(939, 'portosempapel.gov.br', NULL, 0),
(940, 'portosrio.gov.br', 'portosrio-gov-br.mail.protection.outlook.com', 1),
(941, 'postal.gov.br', NULL, 0),
(942, 'povosindigenas.gov.br', 'mte-mx03.mlicloud.com, mte-mx04.mlicloud.com, dc02-economia-mx01.mlicloud.com, dc02-economia-mx02.mlicloud.com', 1),
(943, 'ppi.gov.br', NULL, 0),
(944, 'ppsa.gov.br', 'ppsa-gov-br.mail.protection.outlook.com', 1),
(945, 'pr.gov.br', 'smtp01.pr.gov.br, smtp02.pr.gov.br, smtp03.pr.gov.br, smtp04.pr.gov.br, smtp05.pr.gov.br', 1),
(946, 'pracasdopac.gov.br', NULL, 0),
(947, 'prap.gov.br', NULL, 0),
(948, 'premio-e.gov.br', NULL, 0),
(949, 'premioconservacaoenergia.gov.br', 'mx1.hc5664-24.iphmx.com, mx2.hc5664-24.iphmx.com', 1),
(950, 'preps.gov.br', NULL, 0),
(951, 'presalpetroleo.gov.br', 'presalpetroleo-gov-br.mail.protection.outlook.com', 1),
(952, 'presidencia.gov.br', 'esa01.presidencia.gov.br, esa02.presidencia.gov.br', 1),
(953, 'previc.gov.br', 'previc-gov-br.mail.protection.outlook.com', 1),
(954, 'previdencia.gov.br', 'mte-mx03.mlicloud.com, mte-mx04.mlicloud.com, dc02-economia-mx01.mlicloud.com, dc02-economia-mx02.mlicloud.com', 1),
(955, 'previdenciasocial.gov.br', NULL, 0),
(956, 'prf.gov.br', 'aspmx.l.google.com, alt1.aspmx.l.google.com, alt2.aspmx.l.google.com, alt3.aspmx.l.google.com, alt4.aspmx.l.google.com', 1),
(957, 'procel.gov.br', NULL, 0),
(958, 'processoeletronico.gov.br', NULL, 0),
(959, 'processoeletroniconacional.gov.br', NULL, 0),
(960, 'prodeb.gov.br', 'prodeb-gov-br.mail.protection.outlook.com', 1),
(961, 'prodemge.gov.br', 'mx3.antispammg.mg.gov.br, mx2.antispammg.mg.gov.br, mx1.antispammg.mg.gov.br', 1),
(962, 'prodepa.gov.br', 'colab-antispam-01.pa.gov.br, colab-antispam-02.pa.gov.br, colab-antispam-03.pa.gov.br', 1),
(963, 'programaarpa.gov.br', NULL, 0),
(964, 'proinfa.gov.br', NULL, 0),
(965, 'proinfo.gov.br', NULL, 0),
(966, 'projetobrasilmunicipios.gov.br', NULL, 0),
(967, 'projetocrescer.gov.br', NULL, 0),
(968, 'projud.gov.br', NULL, 0),
(969, 'promocaocomercial.gov.br', NULL, 0),
(970, 'protegeer.gov.br', NULL, 0),
(971, 'protocolo.gov.br', NULL, 0),
(972, 'protocolointegrado.gov.br', NULL, 0),
(973, 'prove.gov.br', 'prove.gov.br', 1),
(974, 'prr4.gov.br', NULL, 0),
(975, 'prsc.gov.br', NULL, 0),
(976, 'prt16.gov.br', NULL, 0),
(977, 'prt21.gov.br', NULL, 0),
(978, 'prt3.gov.br', NULL, 0),
(979, 'prt4.gov.br', NULL, 0),
(980, 'prt6.gov.br', NULL, 0),
(981, 'prt8.gov.br', NULL, 0),
(982, 'publicgovernance.gov.br', NULL, 0),
(983, 'purn.gov.br', NULL, 0),
(984, 'quina.gov.br', NULL, 0),
(985, 'quiosque.gov.br', NULL, 0),
(986, 'quiosqueredegoverno.gov.br', NULL, 0),
(987, 'radiobras.gov.br', NULL, 0),
(988, 'radiocamara.gov.br', NULL, 0),
(989, 'radiojustica.gov.br', NULL, 0),
(990, 'rais.gov.br', NULL, 0),
(991, 'rap.gov.br', NULL, 0),
(992, 'rapidinha.gov.br', NULL, 0),
(993, 'raspadinhadacaixa.gov.br', NULL, 0),
(994, 'raspadinhafederal.gov.br', NULL, 0),
(995, 'rb.gov.br', 'protection.serpro.gov.br', 1),
(996, 'rbmlq.gov.br', 'ksmg.inmetro.rs.gov.br', 1),
(997, 'recadastramento.gov.br', NULL, 0),
(998, 'receita.gov.br', NULL, 0),
(999, 'receitafederal.gov.br', NULL, 0),
(1000, 'rede.gov.br', NULL, 0),
(1001, 'redebrasildigital.gov.br', NULL, 0),
(1002, 'redecidadao.gov.br', NULL, 0),
(1003, 'redecontrole.gov.br', 'redecontrole-gov-br.mail.protection.outlook.com', 1),
(1004, 'rededecontrole.gov.br', 'rededecontrole-gov-br.mail.protection.outlook.com', 1),
(1005, 'rededoesporte.gov.br', 'email.esporte.gov.br, email3.esporte.gov.br', 1),
(1006, 'rededojudiciario.gov.br', NULL, 0),
(1007, 'rededopoderjudiciario.gov.br', NULL, 0),
(1008, 'redefloresta.gov.br', NULL, 0),
(1009, 'redegoverno.gov.br', 'protection.serpro.gov.br', 1),
(1010, 'redejudiciario.gov.br', NULL, 0),
(1011, 'redesim.gov.br', NULL, 0),
(1012, 'redesimples.gov.br', NULL, 0),
(1013, 'redesocial.gov.br', NULL, 0),
(1014, 'reformapostal.gov.br', NULL, 0),
(1015, 'regulacao.gov.br', NULL, 0),
(1016, 'relacoesexteriores.gov.br', NULL, 0),
(1017, 'reluz.gov.br', NULL, 0),
(1018, 'reuse.gov.br', NULL, 0),
(1019, 'rexp.gov.br', NULL, 0),
(1020, 'rfb.gov.br', 'rfb-gov-br.mail.protection.outlook.com', 1),
(1021, 'rffsa.gov.br', NULL, 0),
(1022, 'rio.gov.br', 'mx1.rio.gov.br', 1),
(1023, 'rio20.gov.br', NULL, 0),
(1024, 'riocmsi.gov.br', 'mailscan-in.serpro.gov.br', 1),
(1025, 'rj.gov.br', 'mx2.webmail.rj.gov.br', 1),
(1026, 'rn.gov.br', NULL, 0),
(1027, 'rni.gov.br', NULL, 0),
(1028, 'ro.gov.br', NULL, 0),
(1029, 'rpp.gov.br', NULL, 0),
(1030, 'rr.gov.br', 'mail.rr.gov.br', 1),
(1031, 'rrc.gov.br', NULL, 0),
(1032, 'rs.gov.br', 'mxsec.direto.procergs.rs.gov.br, mxsec2.direto.procergs.rs.gov.br, mxsec3.direto.procergs.rs.gov.br, mxsec4.direto.procergs.rs.gov.br', 1),
(1033, 'ruralminas.gov.br', NULL, 0),
(1034, 'saude.gov.br', 'cluster1.us.messagelabs.com, cluster1a.us.messagelabs.com', 1),
(1035, 'sc.gov.br', 'aspmx.l.google.com, alt1.aspmx.l.google.com, alt2.aspmx.l.google.com, aspmx2.googlemail.com, aspmx3.googlemail.com', 1),
(1036, 'scdp.gov.br', NULL, 0),
(1037, 'scnet.gov.br', NULL, 0),
(1038, 'sdh.gov.br', NULL, 0),
(1039, 'se.gov.br', 'mxs3.se.gov.br, mxs4.se.gov.br, mxs5.se.gov.br', 1),
(1040, 'seade.gov.br', 'seade-gov-br.mail.protection.outlook.com', 1),
(1041, 'secgeral.gov.br', 'esa01.presidencia.gov.br, esa02.presidencia.gov.br', 1),
(1042, 'secom.gov.br', NULL, 0),
(1043, 'secretaria-geral.gov.br', 'esa01.presidencia.gov.br, esa02.presidencia.gov.br', 1),
(1044, 'secretariadegoverno.gov.br', 'esa01.presidencia.gov.br, esa02.presidencia.gov.br', 1),
(1045, 'secretariageral.gov.br', 'esa01.presidencia.gov.br, esa02.presidencia.gov.br', 1),
(1046, 'sedh.gov.br', 'amobika.sdh.gov.br', 1),
(1047, 'segov.gov.br', 'esa01.presidencia.gov.br, esa02.presidencia.gov.br', 1),
(1048, 'seguranca.gov.br', 'piaget00.mj.gov.br', 1),
(1049, 'sei.gov.br', NULL, 0),
(1050, 'seiatos.gov.br', NULL, 0),
(1051, 'selic.gov.br', NULL, 0),
(1052, 'seliganacaixa.gov.br', NULL, 0),
(1053, 'semanaenef.gov.br', NULL, 0),
(1054, 'sembarreiras.gov.br', 'relay.mdic.gov.br, smtp2.mdic.gov.br', 1),
(1055, 'seminariobrasildigital.gov.br', NULL, 0),
(1056, 'sena.gov.br', NULL, 0),
(1057, 'senad.gov.br', 'senad-gov-br.mail.protection.outlook.com', 1),
(1058, 'senado.gov.br', 'senado-gov-br.mail.protection.outlook.com', 1),
(1059, 'senador.gov.br', 'senador-gov-br.mail.protection.outlook.com', 1),
(1060, 'senadora.gov.br', 'senadora-gov-br.mail.protection.outlook.com', 1),
(1061, 'senasp.gov.br', NULL, 0),
(1062, 'seppir.gov.br', NULL, 0),
(1063, 'serpro.gov.br', 'protection.serpro.gov.br', 1),
(1064, 'serprolabs.gov.br', NULL, 0),
(1065, 'servicos.gov.br', 'protection.serpro.gov.br', 1),
(1066, 'servidor.gov.br', NULL, 0),
(1067, 'servir.gov.br', NULL, 0),
(1068, 'seti.gov.br', 'smtp.seti.gov.br', 1),
(1069, 'sg.gov.br', 'esa01.presidencia.gov.br, esa02.presidencia.gov.br', 1),
(1070, 'sgb.gov.br', 'aspmx.l.google.com, alt1.aspmx.l.google.com, alt2.aspmx.l.google.com, alt3.aspmx.l.google.com, alt4.aspmx.l.google.com', 1),
(1071, 'sgi.gov.br', NULL, 0),
(1072, 'sgov.gov.br', 'esa01.presidencia.gov.br, esa02.presidencia.gov.br', 1),
(1073, 'shoppingcaixa.gov.br', NULL, 0),
(1074, 'siapenet.gov.br', NULL, 0),
(1075, 'sibbr.gov.br', 'tyrion.lncc.br', 1),
(1076, 'sic.gov.br', NULL, 0),
(1077, 'siga.gov.br', NULL, 0),
(1078, 'sigabrasil.gov.br', NULL, 0),
(1079, 'sigepe.gov.br', NULL, 0),
(1080, 'sigplan.gov.br', 'sigplan.planejamento.gov.br', 1),
(1081, 'simecpr.gov.br', NULL, 0),
(1082, 'simples.gov.br', NULL, 0),
(1083, 'sinesp.gov.br', 'protection.serpro.gov.br', 1),
(1084, 'sinir.gov.br', NULL, 0),
(1085, 'sintegra.gov.br', 'mx.via-rs.com.br, mxbkp.via-rs.com.br', 1),
(1086, 'siop.gov.br', NULL, 0),
(1087, 'siorg.gov.br', NULL, 0),
(1088, 'sipam.gov.br', 'sipam-gov-br.mail.protection.outlook.com', 1),
(1089, 'sipia.gov.br', NULL, 0),
(1090, 'sirc.gov.br', 'mx.sirc.gov.br', 1),
(1091, 'sisbacen.gov.br', NULL, 0),
(1092, 'sisbin.gov.br', NULL, 0),
(1093, 'siscomex.gov.br', 'protection.serpro.gov.br', 1),
(1094, 'sisgen.gov.br', NULL, 0),
(1095, 'sisp.gov.br', 'mx.zoho.com, mx2.zoho.com, mx3.zoho.com', 1),
(1096, 'sispac.gov.br', NULL, 0),
(1097, 'sistema.gov.br', NULL, 0),
(1098, 'sitedoconsumidor.gov.br', NULL, 0),
(1099, 'sivnet.gov.br', NULL, 0),
(1100, 'sjrs.gov.br', NULL, 0),
(1101, 'smpe.gov.br', NULL, 0),
(1102, 'snirh.gov.br', 'mail.snirh.gov.br', 1),
(1103, 'snis.gov.br', NULL, 0),
(1104, 'snisb.gov.br', 'sucuri.snisb.gov.br, bonito.snisb.gov.br', 1),
(1105, 'snj.gov.br', NULL, 0),
(1106, 'softwarelivre.gov.br', NULL, 0),
(1107, 'softwarepublico.gov.br', NULL, 0),
(1108, 'solucoestipublica.gov.br', NULL, 0),
(1109, 'somostodosbrasil.gov.br', NULL, 0),
(1110, 'soumaismedico.gov.br', NULL, 0),
(1111, 'soumaismedicos.gov.br', NULL, 0),
(1112, 'sp-trt.gov.br', NULL, 0),
(1113, 'sp.gov.br', 'sp-gov-br.mail.protection.outlook.com', 1),
(1114, 'spm.gov.br', 'amobika.mdh.gov.br', 1),
(1115, 'sptrt.gov.br', NULL, 0),
(1116, 'startuppoint.gov.br', 'relay.mdic.gov.br, smtp2.mdic.gov.br', 1),
(1117, 'stf.gov.br', NULL, 0),
(1118, 'stfnet.gov.br', NULL, 0),
(1119, 'stj.gov.br', NULL, 0),
(1120, 'stm.gov.br', NULL, 0),
(1121, 'stn.gov.br', 'stn-gov-br.mail.protection.outlook.com', 1),
(1122, 'sudam.gov.br', 'sudam-gov-br.mail.protection.outlook.com', 1),
(1123, 'sudeco.gov.br', 'sudeco-gov-br.mail.protection.outlook.com', 1),
(1124, 'sudene.gov.br', 'sudene-gov-br.mail.protection.outlook.com', 1),
(1125, 'suframa.gov.br', 'suframa-gov-br.mail.protection.outlook.com', 1),
(1126, 'super.gov.br', NULL, 0),
(1127, 'supercaminhaodasorte.gov.br', NULL, 0),
(1128, 'supersenaduplachance.gov.br', NULL, 0),
(1129, 'supertec.gov.br', 'relay.mdic.gov.br, smtp2.mdic.gov.br', 1),
(1130, 'supertrinca.gov.br', NULL, 0),
(1131, 'sus.gov.br', 'mail.sus.gov.br', 1),
(1132, 'susep.gov.br', 'susep-gov-br.mail.protection.outlook.com', 1),
(1133, 'taxigov.gov.br', 'protection.serpro.gov.br', 1),
(1134, 'taxigov2.gov.br', NULL, 0),
(1135, 'tcu.gov.br', 'tcu-gov-br.mail.protection.outlook.com', 1),
(1136, 'tecanet.gov.br', NULL, 0),
(1137, 'tecnojusc.gov.br', NULL, 0),
(1138, 'teimozinha.gov.br', NULL, 0),
(1139, 'telepar.gov.br', NULL, 0),
(1140, 'telesc.gov.br', NULL, 0),
(1141, 'terraclass.gov.br', NULL, 0),
(1142, 'tesouro.gov.br', 'tesouro-gov-br.mail.protection.outlook.com', 1),
(1143, 'tesourodireto.gov.br', NULL, 0),
(1144, 'tesourotransparente.gov.br', NULL, 0),
(1145, 'ticontrole.gov.br', 'ticontrole-gov-br.mail.protection.outlook.com', 1),
(1146, 'titcb.gov.br', NULL, 0),
(1147, 'tjap.gov.br', NULL, 0),
(1148, 'tjmg.gov.br', 'smtp.google.com', 1),
(1149, 'tjpe.gov.br', NULL, 0),
(1150, 'tjrn.gov.br', NULL, 0),
(1151, 'to.gov.br', 'smtp.to.gov.br', 1),
(1152, 'topawa-kaa.gov.br', NULL, 0),
(1153, 'torcidalegal.gov.br', NULL, 0),
(1154, 'trabalho.gov.br', 'mte-mx03.mlicloud.com, mte-mx04.mlicloud.com, dc02-economia-mx01.mlicloud.com, dc02-economia-mx02.mlicloud.com', 1),
(1155, 'tradeandinvestment.gov.br', NULL, 0),
(1156, 'tradepromotion.gov.br', NULL, 0),
(1157, 'traficodepessoas.gov.br', NULL, 0),
(1158, 'transparencia.gov.br', NULL, 0),
(1159, 'transparencianacopa.gov.br', NULL, 0),
(1160, 'transparenciapublica.gov.br', NULL, 0),
(1161, 'transportes.gov.br', 'transportes-gov-br.mail.protection.outlook.com', 1),
(1162, 'tre-ac.gov.br', NULL, 0),
(1163, 'tre-al.gov.br', NULL, 0),
(1164, 'tre-am.gov.br', NULL, 0),
(1165, 'tre-ap.gov.br', NULL, 0),
(1166, 'tre-ba.gov.br', NULL, 0),
(1167, 'tre-ce.gov.br', NULL, 0),
(1168, 'tre-df.gov.br', 'aspmx.l.google.com, alt1.aspmx.l.google.com, alt2.aspmx.l.google.com, alt3.aspmx.l.google.com, alt4.aspmx.l.google.com', 1),
(1169, 'tre-es.gov.br', 'trees-gov-br0i.mail.protection.outlook.com', 1),
(1170, 'tre-go.gov.br', NULL, 0),
(1171, 'tre-ma.gov.br', NULL, 0),
(1172, 'tre-mg.gov.br', NULL, 0),
(1173, 'tre-ms.gov.br', NULL, 0),
(1174, 'tre-mt.gov.br', 'tremt-gov-br0i.mail.protection.outlook.com', 1),
(1175, 'tre-pa.gov.br', 'aspmx.l.google.com, alt1.aspmx.l.google.com, alt2.aspmx.l.google.com, alt3.aspmx.l.google.com, alt4.aspmx.l.google.com', 1),
(1176, 'tre-pb.gov.br', NULL, 0),
(1177, 'tre-pe.gov.br', NULL, 0),
(1178, 'tre-pi.gov.br', NULL, 0),
(1179, 'tre-pr.gov.br', NULL, 0),
(1180, 'tre-rj.gov.br', 'mail01.tre-rj.gov.br', 1),
(1181, 'tre-rn.gov.br', NULL, 0),
(1182, 'tre-ro.gov.br', NULL, 0),
(1183, 'tre-rr.gov.br', NULL, 0),
(1184, 'tre-rs.gov.br', NULL, 0),
(1185, 'tre-sc.gov.br', NULL, 0),
(1186, 'tre-se.gov.br', NULL, 0),
(1187, 'tre-sp.gov.br', NULL, 0),
(1188, 'tre-to.gov.br', NULL, 0),
(1189, 'trensurb.gov.br', 'smtp-a.trensurb.gov.br, smtp-b.trensurb.gov.br', 1),
(1190, 'trevodaloteria.gov.br', NULL, 0),
(1191, 'trevodasorte.gov.br', NULL, 0),
(1192, 'trevofederal.gov.br', NULL, 0),
(1193, 'trf1.gov.br', NULL, 0),
(1194, 'trf2.gov.br', 'mx.jfrj.jus.br, mx.trf2.jus.br', 1),
(1195, 'trf3.gov.br', NULL, 0),
(1196, 'trf4.gov.br', NULL, 0),
(1197, 'trf5.gov.br', NULL, 0),
(1198, 'tribunaiscplp.gov.br', NULL, 0),
(1199, 'tribunaisdotrabalho.gov.br', NULL, 0),
(1200, 'trinca.gov.br', NULL, 0),
(1201, 'trincadasorte.gov.br', NULL, 0),
(1202, 'trinka.gov.br', NULL, 0),
(1203, 'trt-02.gov.br', NULL, 0),
(1204, 'trt-ma.gov.br', NULL, 0),
(1205, 'trt-pe.gov.br', NULL, 0),
(1206, 'trt-sp.gov.br', NULL, 0),
(1207, 'trt.gov.br', 'vm-z-mail.trt.gov.br', 1),
(1208, 'trt01.gov.br', NULL, 0),
(1209, 'trt02.gov.br', NULL, 0),
(1210, 'trt05.gov.br', NULL, 0),
(1211, 'trt10.gov.br', NULL, 0),
(1212, 'trt11.gov.br', NULL, 0),
(1213, 'trt12.gov.br', 'aspmx.l.google.com, alt1.aspmx.l.google.com, alt2.aspmx.l.google.com, aspmx2.googlemail.com, aspmx3.googlemail.com', 1),
(1214, 'trt13.gov.br', NULL, 0),
(1215, 'trt14.gov.br', NULL, 0),
(1216, 'trt15.gov.br', NULL, 0),
(1217, 'trt16.gov.br', 'aspmx.l.google.com, alt1.aspmx.l.google.com, alt2.aspmx.l.google.com, alt3.aspmx.l.google.com, alt4.aspmx.l.google.com', 1),
(1218, 'trt17.gov.br', NULL, 0),
(1219, 'trt18.gov.br', NULL, 0),
(1220, 'trt19.gov.br', NULL, 0),
(1221, 'trt2.gov.br', NULL, 0),
(1222, 'trt20.gov.br', NULL, 0),
(1223, 'trt21.gov.br', NULL, 0),
(1224, 'trt22.gov.br', NULL, 0),
(1225, 'trt23.gov.br', 'mail.trt23.gov.br, mail2.trt23.jus.br', 1),
(1226, 'trt24.gov.br', NULL, 0),
(1227, 'trt3.gov.br', NULL, 0),
(1228, 'trt4.gov.br', NULL, 0),
(1229, 'trt6.gov.br', 'aspmx.l.google.com, alt1.aspmx.l.google.com, alt2.aspmx.l.google.com, aspmx2.googlemail.com, aspmx3.googlemail.com', 1),
(1230, 'trt7.gov.br', NULL, 0),
(1231, 'trt9.gov.br', NULL, 0),
(1232, 'trtes.gov.br', NULL, 0),
(1233, 'trtms.gov.br', NULL, 0),
(1234, 'trtrio.gov.br', 'aspmx.l.google.com, alt1.aspmx.l.google.com, alt2.aspmx.l.google.com, aspmx2.googlemail.com, aspmx3.googlemail.com', 1),
(1235, 'trtsp.gov.br', NULL, 0),
(1236, 'trtwap.gov.br', NULL, 0),
(1237, 'tse.gov.br', NULL, 0),
(1238, 'tst.gov.br', NULL, 0),
(1239, 'turismo.gov.br', 'turismo-gov-br.mail.protection.outlook.com', 1),
(1240, 'turismoacessivel.gov.br', NULL, 0),
(1241, 'turismobrasil.gov.br', NULL, 0),
(1242, 'tvjustica.gov.br', NULL, 0),
(1243, 'uca.gov.br', NULL, 0),
(1244, 'unasus.gov.br', 'unasus-gov-br.mail.protection.outlook.com', 1),
(1245, 'unijus.gov.br', NULL, 0),
(1246, 'valec.gov.br', 'valec-gov-br.mail.protection.outlook.com', 1),
(1247, 'varadafazenda.gov.br', NULL, 0),
(1248, 'venturecapital.gov.br', 'mx.venturecapital.gov.br', 1),
(1249, 'veracruz-rs.gov.br', 'veracruz-rs.gov.br', 1),
(1250, 'versionamento.gov.br', NULL, 0),
(1251, 'viajamais.gov.br', NULL, 0),
(1252, 'vice-presidencia.gov.br', NULL, 0),
(1253, 'vicepresidenciadarepublica.gov.br', NULL, 0),
(1254, 'vidadacrianca.gov.br', 'alpha.planalto.gov.br', 1),
(1255, 'vidaedinheiro.gov.br', NULL, 0),
(1256, 'viibra.gov.br', NULL, 0),
(1257, 'vispublica.gov.br', NULL, 0),
(1258, 'vitrinedoexportador.gov.br', 'relay.mdic.gov.br, smtp2.mdic.gov.br', 1),
(1259, 'vivaleitura.gov.br', NULL, 0),
(1260, 'vlibras.gov.br', NULL, 0),
(1261, 'vls.gov.br', NULL, 0),
(1262, 'voz.gov.br', 'smtp1.nbr.gov.br', 1),
(1263, 'vozdobrasil.gov.br', 'smtp01.radiobras.gov.br, smtp02.radiobras.gov.br', 1),
(1264, 'webambiente.gov.br', NULL, 0),
(1265, 'wikilegis.gov.br', NULL, 0),
(1266, 'www.gov.br', NULL, 0),
(1267, 'xn--avanar-zua.gov.br', NULL, 0),
(1268, 'xn--doaes-0ra2h.gov.br', NULL, 0),
(1269, 'xn--guiadeservios-sgb.gov.br', NULL, 0),
(1270, 'xn--notcias-9ya.gov.br', NULL, 0),
(1271, 'xn--oramentofederal-fmb.gov.br', NULL, 0),
(1272, 'xn--previdncia-r7a.gov.br', 'mte-mx03.mlicloud.com, mte-mx04.mlicloud.com, dc02-economia-mx01.mlicloud.com, dc02-economia-mx02.mlicloud.com', 1),
(1273, 'xn--previdnciasocial-xqb.gov.br', NULL, 0);

-- --------------------------------------------------------

--
-- Estrutura para tabela `localizacoes`
--

CREATE TABLE `localizacoes` (
  `id` int(11) NOT NULL,
  `ip` varchar(45) NOT NULL,
  `cidade` varchar(255) DEFAULT NULL,
  `regiao` varchar(255) DEFAULT NULL,
  `pais` varchar(255) DEFAULT NULL
) ENGINE=InnoDB DEFAULT CHARSET=utf8mb4 COLLATE=utf8mb4_general_ci;

--
-- Despejando dados para a tabela `localizacoes`
--

INSERT INTO `localizacoes` (`id`, `ip`, `cidade`, `regiao`, `pais`) VALUES
(1, '52.101.200.0', 'Rio de Janeiro', 'Rio de Janeiro', 'BR'),
(2, '52.101.9.17', 'Ashburn', 'Virginia', 'US'),
(3, '52.101.41.3', 'San Jose', 'California', 'US'),
(4, '52.101.198.1', 'Campinas', 'São Paulo', 'BR'),
(5, '200.198.220.7', 'Brasília', 'Federal District', 'BR'),
(6, '200.198.220.17', 'Brasília', 'Federal District', 'BR'),
(7, '161.148.9.250', 'Brasília', 'Federal District', 'BR'),
(8, '179.252.114.123', 'Goiânia', 'Goiás', 'BR'),
(9, '200.130.30.6', 'Brasília', 'Federal District', 'BR'),
(10, '52.101.11.10', 'San Antonio', 'Texas', 'US'),
(11, '45.171.50.29', 'Brasília', 'Federal District', 'BR'),
(12, '67.219.250.212', 'The Dalles', 'Oregon', 'US'),
(13, '52.207.128.88', 'Ashburn', 'Virginia', 'US'),
(14, '18.208.22.79', 'Ashburn', 'Virginia', 'US'),
(15, '189.28.129.174', 'Brasília', 'Federal District', 'BR'),
(16, '189.28.129.173', 'Brasília', 'Federal District', 'BR'),
(17, '177.92.163.132', 'Belém de São Francisco', 'Pernambuco', 'BR'),
(18, '177.92.163.142', 'Belém de São Francisco', 'Pernambuco', 'BR'),
(19, '177.86.143.130', 'Belo Horizonte', 'Minas Gerais', 'BR'),
(20, '64.233.186.27', 'Santiago', 'Santiago Metropolitan', 'CL'),
(21, '64.233.184.27', 'Brussels', 'Brussels Capital', 'BE'),
(22, '142.250.27.27', 'Amsterdam', 'North Holland', 'NL'),
(23, '142.250.153.27', 'Delfzijl', 'Groningen', 'NL'),
(24, '142.251.9.27', 'Groningen', 'Groningen', 'NL'),
(25, '187.29.162.15', 'Rio de Janeiro', 'Rio de Janeiro', 'BR'),
(26, '187.29.162.14', 'Rio de Janeiro', 'Rio de Janeiro', 'BR'),
(27, '187.29.11.36', 'Rio de Janeiro', 'Rio de Janeiro', 'BR'),
(28, '52.101.11.3', 'San Antonio', 'Texas', 'US'),
(29, '52.101.42.18', 'Moses Lake', 'Washington', 'US'),
(30, '18.208.22.77', 'Ashburn', 'Virginia', 'US'),
(31, '52.101.8.42', 'Des Moines', 'Iowa', 'US'),
(32, '200.198.220.179', 'Brasília', 'Federal District', 'BR'),
(33, '200.198.220.178', 'Brasília', 'Federal District', 'BR'),
(34, '52.101.11.13', 'San Antonio', 'Texas', 'US'),
(35, '52.101.198.0', 'Campinas', 'São Paulo', 'BR'),
(36, '52.101.41.26', 'San Jose', 'California', 'US'),
(37, '52.101.40.2', 'Cheyenne', 'Wyoming', 'US'),
(38, '177.84.201.239', 'Macapá', 'Amapá', 'BR'),
(39, '161.148.50.251', 'Brasília', 'Federal District', 'BR'),
(40, '52.101.8.34', 'Des Moines', 'Iowa', 'US'),
(41, '52.101.40.1', 'Cheyenne', 'Wyoming', 'US'),
(42, '52.101.40.24', 'Cheyenne', 'Wyoming', 'US'),
(43, '198.17.120.44', 'Fortaleza', 'Ceará', 'BR'),
(44, '198.17.121.44', 'Fortaleza', 'Ceará', 'BR'),
(45, '52.101.10.12', 'Boydton', 'Virginia', 'US'),
(46, '161.148.21.200', 'Brasília', 'Federal District', 'BR'),
(47, '177.223.196.212', 'Rio de Janeiro', 'Rio de Janeiro', 'BR'),
(48, '200.9.175.158', 'Rio de Janeiro', 'Rio de Janeiro', 'BR'),
(49, '52.101.9.2', 'Ashburn', 'Virginia', 'US'),
(50, '170.246.255.51', 'Brasília', 'Federal District', 'BR'),
(51, '170.246.255.52', 'Brasília', 'Federal District', 'BR'),
(52, '131.72.222.253', 'Brasília', 'Federal District', 'BR'),
(53, '131.72.222.254', 'Brasília', 'Federal District', 'BR'),
(54, '131.72.221.51', 'Brasília', 'Federal District', 'BR'),
(55, '170.246.255.10', 'Brasília', 'Federal District', 'BR'),
(56, '201.36.109.91', 'Brasília', 'Federal District', 'BR'),
(57, '200.214.65.150', 'Rio de Janeiro', 'Rio de Janeiro', 'BR'),
(58, '189.125.177.216', 'São Paulo', 'São Paulo', 'BR'),
(59, '200.198.205.29', 'Brasília', 'Federal District', 'BR'),
(60, '200.198.205.30', 'Brasília', 'Federal District', 'BR'),
(61, '142.250.27.26', 'Amsterdam', 'North Holland', 'NL'),
(62, '52.101.9.14', 'Ashburn', 'Virginia', 'US'),
(63, '52.101.11.15', 'San Antonio', 'Texas', 'US'),
(64, '200.219.133.161', 'Brasília', 'Federal District', 'BR'),
(65, '200.219.133.162', 'Brasília', 'Federal District', 'BR'),
(66, '200.219.133.163', 'Brasília', 'Federal District', 'BR'),
(67, '52.101.42.6', 'Moses Lake', 'Washington', 'US'),
(68, '200.212.144.20', 'São Paulo', 'São Paulo', 'BR'),
(69, '52.101.10.1', 'Boydton', 'Virginia', 'US'),
(70, '187.0.209.84', 'Rio de Janeiro', 'Rio de Janeiro', 'BR'),
(71, '52.101.194.13', 'Chicago', 'Illinois', 'US'),
(72, '52.101.9.26', 'Ashburn', 'Virginia', 'US'),
(73, '52.101.40.0', 'Cheyenne', 'Wyoming', 'US'),
(74, '52.101.10.14', 'Boydton', 'Virginia', 'US'),
(75, '52.101.8.51', 'Des Moines', 'Iowa', 'US'),
(76, '52.101.11.2', 'San Antonio', 'Texas', 'US'),
(77, '52.101.41.56', 'San Jose', 'California', 'US'),
(78, '52.101.10.6', 'Boydton', 'Virginia', 'US'),
(79, '52.101.42.10', 'Moses Lake', 'Washington', 'US'),
(80, '52.101.40.4', 'Cheyenne', 'Wyoming', 'US'),
(81, '52.101.42.16', 'Moses Lake', 'Washington', 'US'),
(82, '52.101.8.44', 'Des Moines', 'Iowa', 'US'),
(83, '177.15.65.152', 'Brasília', 'Federal District', 'BR'),
(84, '177.15.65.189', 'Brasília', 'Federal District', 'BR'),
(85, '177.153.23.242', 'São Paulo', 'São Paulo', 'BR'),
(86, '186.202.4.42', 'São Paulo', 'São Paulo', 'BR'),
(87, '200.234.204.130', 'São Paulo', 'São Paulo', 'BR'),
(88, '186.200.39.170', 'São Paulo', 'São Paulo', 'BR'),
(89, '186.200.39.169', 'São Paulo', 'São Paulo', 'BR'),
(90, '189.90.171.3', 'Fortaleza', 'Ceará', 'BR'),
(91, '189.90.171.4', 'Fortaleza', 'Ceará', 'BR'),
(92, '200.201.166.106', 'Rio de Janeiro', 'Rio de Janeiro', 'BR'),
(93, '200.132.5.15', 'Porto Alegre', 'Rio Grande do Sul', 'BR'),
(94, '200.189.123.155', 'Maringá', 'Paraná', 'BR'),
(95, '200.133.244.156', 'Guarulhos', 'São Paulo', 'BR'),
(96, '200.139.10.103', 'São Paulo', 'São Paulo', 'BR'),
(97, '200.144.113.17', 'Campinas', 'São Paulo', 'BR'),
(98, '200.20.105.3', 'Rio de Janeiro', 'Rio de Janeiro', 'BR'),
(99, '177.153.23.241', 'São Paulo', 'São Paulo', 'BR'),
(100, '189.85.87.76', 'Brasília', 'Federal District', 'BR'),
(101, '45.4.192.12', 'Brasília', 'Federal District', 'BR'),
(102, '200.147.36.29', 'São Paulo', 'São Paulo', 'BR'),
(103, '200.216.54.201', 'Rio de Janeiro', 'Rio de Janeiro', 'BR'),
(104, '148.163.146.14', 'San Jose', 'California', 'US'),
(105, '148.163.143.246', 'Atlanta', 'Georgia', 'US'),
(106, '142.251.9.26', 'Groningen', 'Groningen', 'NL'),
(107, '52.101.10.2', 'Boydton', 'Virginia', 'US'),
(108, '18.208.22.78', 'Ashburn', 'Virginia', 'US'),
(109, '162.241.2.213', 'Atlanta', 'Georgia', 'US'),
(110, '200.255.49.23', 'Rio de Janeiro', 'Rio de Janeiro', 'BR'),
(111, '200.216.54.205', 'Rio de Janeiro', 'Rio de Janeiro', 'BR'),
(112, '52.101.11.9', 'San Antonio', 'Texas', 'US'),
(113, '189.84.136.140', 'Brasília', 'Federal District', 'BR'),
(114, '186.216.211.93', 'Brasília', 'Federal District', 'BR'),
(115, '142.251.0.26', 'Santiago', 'Santiago Metropolitan', 'CL'),
(116, '64.233.184.26', 'Brussels', 'Brussels Capital', 'BE'),
(117, '142.250.153.26', 'Delfzijl', 'Groningen', 'NL'),
(118, '162.214.54.154', 'Provo', 'Utah', 'US'),
(119, '52.101.9.11', 'Washington', 'District of Columbia', 'US'),
(120, '187.108.197.246', 'São Paulo', 'São Paulo', 'BR'),
(121, '187.108.197.187', 'São Paulo', 'São Paulo', 'BR'),
(122, '186.227.197.37', 'Cabedelo', 'Paraíba', 'BR'),
(123, '187.45.183.227', 'João Pessoa', 'Paraíba', 'BR'),
(124, '189.9.7.65', 'Salvador', 'Bahia', 'BR'),
(125, '189.9.7.66', 'Salvador', 'Bahia', 'BR'),
(126, '160.238.29.68', 'Brasília', 'Federal District', 'BR'),
(127, '189.28.129.1', 'Brasília', 'Federal District', 'BR'),
(128, '189.28.129.2', 'Brasília', 'Federal District', 'BR'),
(129, '189.28.129.4', 'Brasília', 'Federal District', 'BR'),
(130, '189.28.129.16', 'Brasília', 'Federal District', 'BR'),
(131, '52.101.41.21', 'San Jose', 'California', 'US'),
(132, '189.9.0.101', 'Brasília', 'Federal District', 'BR'),
(133, '44.218.81.177', 'Ashburn', 'Virginia', 'US'),
(134, '3.215.61.3', 'Ashburn', 'Virginia', 'US'),
(135, '162.241.2.66', 'Atlanta', 'Georgia', 'US'),
(136, '162.241.61.189', 'Atlanta', 'Georgia', 'US'),
(137, '162.240.161.58', 'Provo', 'Utah', 'US'),
(138, '192.185.223.121', 'Atlanta', 'Georgia', 'US'),
(139, '52.67.41.212', 'São Paulo', 'São Paulo', 'BR'),
(140, '3.217.213.23', 'Ashburn', 'Virginia', 'US'),
(141, '34.232.250.42', 'Ashburn', 'Virginia', 'US'),
(142, '35.162.4.77', 'Boardman', 'Oregon', 'US'),
(143, '213.32.17.239', 'Lille', 'Hauts-de-France', 'FR'),
(144, '162.240.220.15', 'Provo', 'Utah', 'US'),
(145, '52.101.9.12', 'Ashburn', 'Virginia', 'US'),
(146, '186.248.236.163', 'Santa Luzia', 'Minas Gerais', 'BR'),
(147, '168.181.70.251', 'Itaperuçu', 'Paraná', 'BR'),
(148, '201.16.179.9', 'Barueri', 'São Paulo', 'BR'),
(149, '54.232.52.172', 'São Paulo', 'São Paulo', 'BR'),
(150, '200.189.101.10', 'Rio de Janeiro', 'Rio de Janeiro', 'BR'),
(151, '138.122.95.70', 'São Paulo', 'São Paulo', 'BR'),
(152, '177.66.204.150', 'São Paulo', 'São Paulo', 'BR'),
(153, '45.233.113.76', 'Guarulhos', 'São Paulo', 'BR'),
(154, '45.233.113.66', 'Guarulhos', 'São Paulo', 'BR'),
(155, '138.122.92.39', 'Itajaí', 'Santa Catarina', 'BR'),
(156, '191.6.216.38', 'São Paulo', 'São Paulo', 'BR'),
(157, '191.6.216.39', 'São Paulo', 'São Paulo', 'BR'),
(158, '216.172.172.228', 'Atlanta', 'Georgia', 'US'),
(159, '67.225.188.52', 'Lansing', 'Michigan', 'US'),
(160, '187.32.80.226', 'São Paulo', 'São Paulo', 'BR'),
(161, '200.219.235.50', 'São Paulo', 'São Paulo', 'BR'),
(162, '198.49.75.151', 'Lockhart', 'Florida', 'US'),
(163, '162.241.203.15', 'Atlanta', 'Georgia', 'US'),
(164, '201.47.3.86', 'Curitiba', 'Paraná', 'BR'),
(165, '177.36.185.134', 'Osasco', 'São Paulo', 'BR'),
(166, '162.240.166.230', 'Provo', 'Utah', 'US'),
(167, '187.0.205.22', 'São Paulo', 'São Paulo', 'BR'),
(168, '179.124.199.226', 'Sombrio', 'Santa Catarina', 'BR'),
(169, '162.214.64.218', 'Provo', 'Utah', 'US'),
(170, '52.101.41.54', 'San Jose', 'California', 'US'),
(171, '201.139.186.196', 'Fortaleza', 'Ceará', 'BR'),
(172, '201.139.186.199', 'Fortaleza', 'Ceará', 'BR'),
(173, '201.139.186.200', 'Fortaleza', 'Ceará', 'BR'),
(174, '187.0.205.24', 'São Paulo', 'São Paulo', 'BR'),
(175, '200.198.189.214', 'São Paulo', 'São Paulo', 'BR'),
(176, '187.49.226.210', 'Florianópolis', 'Santa Catarina', 'BR'),
(177, '38.111.198.185', 'El Segundo', 'California', 'US'),
(178, '38.89.254.156', 'Elk Grove Village', 'Illinois', 'US'),
(179, '45.71.212.60', 'São Paulo', 'São Paulo', 'BR'),
(180, '138.122.95.18', 'São Paulo', 'São Paulo', 'BR'),
(181, '177.92.11.115', 'Curitiba', 'Paraná', 'BR'),
(182, '179.190.27.164', 'São Paulo', 'São Paulo', 'BR'),
(183, '142.250.150.26', 'Kotka', 'Kymenlaakso', 'FI'),
(184, '191.6.220.38', 'São Paulo', 'São Paulo', 'BR'),
(185, '191.6.220.39', 'São Paulo', 'São Paulo', 'BR'),
(186, '63.143.34.92', 'Dallas', 'Texas', 'US'),
(187, '74.63.210.132', 'Dallas', 'Texas', 'US'),
(188, '216.245.220.55', 'Dallas', 'Texas', 'US'),
(189, '187.73.32.162', 'São Paulo', 'São Paulo', 'BR'),
(190, '192.185.213.13', 'Atlanta', 'Georgia', 'US'),
(191, '187.0.205.39', 'São Paulo', 'São Paulo', 'BR'),
(192, '138.122.95.55', 'São Paulo', 'São Paulo', 'BR'),
(193, '200.160.7.164', 'São Paulo', 'São Paulo', 'BR'),
(194, '52.101.10.10', 'Boydton', 'Virginia', 'US'),
(195, '200.152.39.40', 'Rio de Janeiro', 'Rio de Janeiro', 'BR'),
(196, '200.152.35.47', 'Rio de Janeiro', 'Rio de Janeiro', 'BR'),
(197, '189.28.143.94', 'Rio de Janeiro', 'Rio de Janeiro', 'BR'),
(198, '189.28.143.170', 'Rio de Janeiro', 'Rio de Janeiro', 'BR'),
(199, '52.101.41.28', 'San Jose', 'California', 'US'),
(200, '200.198.192.140', 'Brasília', 'Federal District', 'BR'),
(201, '200.198.213.91', 'Brasília', 'Federal District', 'BR'),
(202, '200.198.213.92', 'Brasília', 'Federal District', 'BR'),
(203, '189.9.36.187', 'Brasília', 'Federal District', 'BR'),
(204, '186.227.197.44', 'Cabedelo', 'Paraíba', 'BR'),
(205, '187.45.189.84', 'São Paulo', 'São Paulo', 'BR'),
(206, '177.14.224.152', 'Fortaleza', 'Ceará', 'BR'),
(207, '177.14.224.156', 'Fortaleza', 'Ceará', 'BR'),
(208, '177.14.224.151', 'Fortaleza', 'Ceará', 'BR'),
(209, '208.115.238.130', 'Dallas', 'Texas', 'US'),
(210, '52.101.41.58', 'San Jose', 'California', 'US'),
(211, '161.148.173.216', 'Brasília', 'Federal District', 'BR'),
(212, '200.131.10.42', 'Machado', 'Minas Gerais', 'BR'),
(213, '64.68.198.24', 'Toronto', 'Ontario', 'CA'),
(214, '187.108.197.247', 'São Paulo', 'São Paulo', 'BR'),
(215, '187.16.71.206', 'Rio de Janeiro', 'Rio de Janeiro', 'BR'),
(216, '187.95.42.141', 'Angra dos Reis', 'Rio de Janeiro', 'BR'),
(217, '187.32.152.73', 'São Paulo', 'São Paulo', 'BR'),
(218, '64.233.186.26', 'Santiago', 'Santiago Metropolitan', 'CL'),
(219, '52.101.198.38', 'Campinas', 'São Paulo', 'BR'),
(220, '140.82.26.58', 'Miami', 'Florida', 'US'),
(221, '52.101.10.16', 'Boydton', 'Virginia', 'US'),
(222, '201.62.44.139', 'Cachoeiro de Itapemirim', 'Espírito Santo', 'BR'),
(223, '201.62.44.16', 'Cachoeiro de Itapemirim', 'Espírito Santo', 'BR'),
(224, '200.130.15.217', 'Brasília', 'Federal District', 'BR'),
(225, '200.17.1.129', 'Brasília', 'Federal District', 'BR'),
(226, '52.101.10.18', 'Boydton', 'Virginia', 'US'),
(227, '52.101.8.46', 'Des Moines', 'Iowa', 'US'),
(228, '189.9.55.11', 'Brasília', 'Federal District', 'BR'),
(229, '189.9.55.12', 'Brasília', 'Federal District', 'BR'),
(230, '34.223.36.122', 'Boardman', 'Oregon', 'US'),
(231, '34.223.36.121', 'Boardman', 'Oregon', 'US'),
(232, '3.93.93.52', 'Ashburn', 'Virginia', 'US'),
(233, '34.223.36.123', 'Boardman', 'Oregon', 'US'),
(234, '142.250.0.26', 'Santiago', 'Santiago Metropolitan', 'CL'),
(235, '54.233.169.182', 'São Paulo', 'São Paulo', 'BR'),
(236, '45.183.244.63', 'Goiânia', 'Goiás', 'BR'),
(237, '52.101.10.5', 'Boydton', 'Virginia', 'US'),
(238, '45.183.244.45', 'Goiânia', 'Goiás', 'BR'),
(239, '177.221.45.30', 'Recife', 'Pernambuco', 'BR'),
(240, '52.101.41.6', 'San Jose', 'California', 'US'),
(241, '177.69.150.181', 'São Paulo', 'São Paulo', 'BR'),
(242, '200.139.9.101', 'Ananindeua', 'Pará', 'BR'),
(243, '177.8.81.216', 'Brasília', 'Federal District', 'BR'),
(244, '177.8.81.217', 'Brasília', 'Federal District', 'BR'),
(245, '201.87.145.140', 'São Paulo', 'São Paulo', 'BR'),
(246, '189.127.82.76', 'Rio de Janeiro', 'Rio de Janeiro', 'BR'),
(247, '200.33.96.13', 'Rio de Janeiro', 'Rio de Janeiro', 'BR'),
(248, '52.101.194.15', 'Chicago', 'Illinois', 'US'),
(249, '200.130.24.115', 'Brasília', 'Federal District', 'BR'),
(250, '200.130.24.116', 'Brasília', 'Federal District', 'BR'),
(251, '200.130.24.121', 'Brasília', 'Federal District', 'BR'),
(252, '200.20.212.42', 'Rio de Janeiro', 'Rio de Janeiro', 'BR'),
(253, '200.20.212.41', 'Rio de Janeiro', 'Rio de Janeiro', 'BR'),
(254, '200.17.53.9', 'São Paulo', 'São Paulo', 'BR'),
(255, '168.90.175.156', 'Rio de Janeiro', 'Rio de Janeiro', 'BR'),
(256, '200.20.196.22', 'Rio de Janeiro', 'Rio de Janeiro', 'BR'),
(257, '201.54.51.144', 'Brasília', 'Federal District', 'BR'),
(258, '201.54.51.145', 'Brasília', 'Federal District', 'BR'),
(259, '201.54.51.147', 'Brasília', 'Federal District', 'BR'),
(260, '45.171.102.3', 'Brasília', 'Federal District', 'BR'),
(261, '52.101.9.0', 'Washington', 'District of Columbia', 'US'),
(262, '187.73.237.197', 'Vitória', 'Espírito Santo', 'BR'),
(263, '177.223.208.15', 'Rio de Janeiro', 'Rio de Janeiro', 'BR'),
(264, '201.48.221.24', 'São Paulo', 'São Paulo', 'BR'),
(265, '45.178.243.130', 'Natal', 'Rio Grande do Norte', 'BR'),
(266, '168.194.28.13', 'Porto Alegre', 'Rio Grande do Sul', 'BR'),
(267, '168.194.28.14', 'Porto Alegre', 'Rio Grande do Sul', 'BR'),
(268, '201.49.156.78', 'São Paulo', 'São Paulo', 'BR'),
(269, '181.191.91.198', 'São Luís', 'Maranhão', 'BR'),
(270, '200.130.9.21', 'Brasília', 'Federal District', 'BR'),
(271, '200.130.9.22', 'Brasília', 'Federal District', 'BR'),
(272, '67.219.246.210', 'Council Bluffs', 'Iowa', 'US'),
(273, '200.198.4.121', 'Belo Horizonte', 'Minas Gerais', 'BR'),
(274, '200.198.4.122', 'Belo Horizonte', 'Minas Gerais', 'BR'),
(275, '200.198.4.53', 'Belo Horizonte', 'Minas Gerais', 'BR'),
(276, '189.9.36.197', 'Brasília', 'Federal District', 'BR'),
(277, '189.9.36.196', 'Brasília', 'Federal District', 'BR'),
(278, '52.101.42.9', 'Moses Lake', 'Washington', 'US'),
(279, '45.231.205.19', 'Brasília', 'Federal District', 'BR'),
(280, '45.231.205.18', 'Brasília', 'Federal District', 'BR'),
(281, '200.9.252.142', 'Brasília', 'Federal District', 'BR'),
(282, '200.9.252.22', 'Brasília', 'Federal District', 'BR'),
(283, '45.178.242.41', 'Vitória', 'Espírito Santo', 'BR'),
(284, '200.152.40.101', 'Rio de Janeiro', 'Rio de Janeiro', 'BR'),
(285, '200.142.1.39', 'Brasília', 'Federal District', 'BR'),
(286, '189.85.94.116', 'Brasília', 'Federal District', 'BR'),
(287, '187.86.226.146', 'Mato Grosso', 'Paraíba', 'BR'),
(288, '18.208.22.80', 'Ashburn', 'Virginia', 'US'),
(289, '189.9.0.12', 'Brasília', 'Federal District', 'BR'),
(290, '192.185.221.155', 'Atlanta', 'Georgia', 'US'),
(291, '201.57.65.226', 'Rio de Janeiro', 'Rio de Janeiro', 'BR'),
(292, '177.74.3.71', 'São Paulo', 'São Paulo', 'BR'),
(293, '177.74.3.72', 'São Paulo', 'São Paulo', 'BR'),
(294, '177.74.3.73', 'São Paulo', 'São Paulo', 'BR'),
(295, '200.198.213.137', 'Brasília', 'Federal District', 'BR'),
(296, '200.198.213.135', 'Brasília', 'Federal District', 'BR'),
(297, '209.126.109.83', 'St. Louis', 'Missouri', 'US'),
(298, '138.185.34.4', 'João Pessoa', 'Paraíba', 'BR'),
(299, '138.185.34.5', 'João Pessoa', 'Paraíba', 'BR'),
(300, '142.251.0.27', 'Santiago', 'Santiago Metropolitan', 'CL'),
(301, '200.238.64.78', 'Recife', 'Pernambuco', 'BR'),
(302, '200.23.153.156', 'Teresina', 'Piauí', 'BR'),
(303, '177.39.234.157', 'Vitória', 'Espírito Santo', 'BR'),
(304, '68.232.148.130', 'Las Vegas', 'Nevada', 'US'),
(305, '52.101.40.6', 'Cheyenne', 'Wyoming', 'US'),
(306, '69.73.181.16', 'Atlanta', 'Georgia', 'US'),
(307, '200.132.19.141', 'Rio Grande', 'Rio Grande do Sul', 'BR'),
(308, '52.101.11.17', 'San Antonio', 'Texas', 'US'),
(309, '187.111.111.2', 'Rio de Janeiro', 'Rio de Janeiro', 'BR'),
(310, '187.62.129.129', 'Rio de Janeiro', 'Rio de Janeiro', 'BR'),
(311, '190.123.15.9', 'Boa Vista', 'Roraima', 'BR'),
(312, '200.189.134.196', 'Passo Fundo', 'Rio Grande do Sul', 'BR'),
(313, '200.189.134.194', 'Passo Fundo', 'Rio Grande do Sul', 'BR'),
(314, '200.189.134.155', 'Passo Fundo', 'Rio Grande do Sul', 'BR'),
(315, '200.189.134.30', 'Passo Fundo', 'Rio Grande do Sul', 'BR'),
(316, '67.219.247.202', 'Moncks Corner', 'South Carolina', 'US'),
(317, '187.17.2.201', 'Igaci', 'Alagoas', 'BR'),
(318, '187.17.2.203', 'Igaci', 'Alagoas', 'BR'),
(319, '187.17.2.206', 'Igaci', 'Alagoas', 'BR'),
(320, '146.134.8.188', 'São Paulo', 'São Paulo', 'BR'),
(321, '200.198.128.218', 'Passo Fundo', 'Rio Grande do Sul', 'BR'),
(322, '200.152.40.96', 'Rio de Janeiro', 'Rio de Janeiro', 'BR'),
(323, '204.141.43.44', 'Seattle', 'Washington', 'US'),
(324, '204.141.33.44', 'Dallas', 'Texas', 'US'),
(325, '136.143.183.44', 'Dallas', 'Texas', 'US'),
(326, '200.198.218.98', 'Brasília', 'Federal District', 'BR'),
(327, '52.101.9.24', 'Washington', 'District of Columbia', 'US'),
(328, '189.28.143.223', 'Rio de Janeiro', 'Rio de Janeiro', 'BR'),
(329, '52.101.194.0', 'Chicago', 'Illinois', 'US'),
(330, '131.72.217.19', 'Palmas', 'Tocantins', 'BR'),
(331, '52.101.42.13', 'Moses Lake', 'Washington', 'US'),
(332, '52.101.41.22', 'San Jose', 'California', 'US'),
(333, '52.101.8.32', 'Des Moines', 'Iowa', 'US'),
(334, '164.152.54.137', 'São Paulo', 'São Paulo', 'BR'),
(335, '189.9.3.170', 'Brasília', 'Federal District', 'BR'),
(336, '189.9.3.171', 'Brasília', 'Federal District', 'BR'),
(337, '192.100.177.174', 'Santa Luzia', 'Minas Gerais', 'BR'),
(338, '201.182.224.203', 'Cuiabá', 'Mato Grosso', 'BR'),
(339, '177.70.14.19', 'São Paulo', 'São Paulo', 'BR');

-- --------------------------------------------------------

--
-- Estrutura para tabela `mx_records`
--

CREATE TABLE `mx_records` (
  `id` int(11) NOT NULL,
  `dominio_id` int(11) NOT NULL,
  `mx_record` varchar(255) NOT NULL,
  `ip` varchar(45) DEFAULT NULL,
  `localizacao_id` int(11) DEFAULT NULL,
  `prioridade` int(11) DEFAULT NULL
) ENGINE=InnoDB DEFAULT CHARSET=utf8mb4 COLLATE=utf8mb4_general_ci;

--
-- Despejando dados para a tabela `mx_records`
--

INSERT INTO `mx_records` (`id`, `dominio_id`, `mx_record`, `ip`, `localizacao_id`, `prioridade`) VALUES
(1, 2, 'abc-gov-br.mail.protection.outlook.com', '52.101.200.0', 1, 0),
(2, 3, 'abcd-gov-br.mail.protection.outlook.com', '52.101.9.17', 2, 5),
(3, 3, 'abcd-gov-br.mail.protection.outlook.com', '52.101.9.17', 2, 10),
(4, 4, 'abcnaidadecerta-gov-br.mail.protection.outlook.com', '52.101.41.3', 3, 0),
(5, 5, 'abgf-gov-br.mail.protection.outlook.com', '52.101.198.1', 4, 0),
(6, 6, 'mx01.abin.gov.br', '200.198.220.7', 5, 10),
(7, 6, 'mx02.abin.gov.br', '200.198.220.17', 6, 10),
(8, 7, 'smtp.abrasil.gov.br', '161.148.9.250', 7, 10),
(9, 9, 'mail.ac.gov.br', '179.252.114.123', 8, 0),
(10, 14, 'mx.acraiz.gov.br', '200.130.30.6', 9, 1),
(11, 14, 'mx.acraiz.gov.br', '200.130.30.6', 9, 5),
(12, 15, 'mail.acre.gov.br', '179.252.114.123', 8, 0),
(13, 17, 'aeb-gov-br.mail.protection.outlook.com', '52.101.11.10', 10, 0),
(14, 23, 'mail.infraero.gov.br', '45.171.50.29', 11, 10),
(15, 24, 'smtp01.radiobras.gov.br', NULL, NULL, 10),
(16, 27, 'cluster1.us.messagelabs.com', '67.219.250.212', 12, 10),
(17, 27, 'cluster1a.us.messagelabs.com', '52.207.128.88', 13, 20),
(18, 29, 'cluster1.us.messagelabs.com', '67.219.250.212', 12, 10),
(19, 29, 'cluster1a.us.messagelabs.com', '52.207.128.88', 13, 20),
(20, 33, '0f2532e9-ffe2-4f18-992f-bc109b59ed59.in.tmes.trendmicro.com', '18.208.22.79', 14, 0),
(21, 35, 'smtp.aids.gov.br', '189.28.129.174', 15, 10),
(22, 35, 'ex-ed-01.aids.gov.br', '189.28.129.173', 16, 10),
(23, 35, 'ex-ed-02.aids.gov.br', '189.28.129.174', 15, 10),
(24, 37, 'zimbra.aleam.gov.br', '177.92.163.132', 17, 10),
(25, 37, 'webmail.aleam.gov.br', '177.92.163.142', 18, 20),
(26, 38, 'smtp.alemg.gov.br', '177.86.143.130', 19, 5),
(27, 39, 'smtp.almg.gov.br', '177.86.143.130', 19, 5),
(28, 42, 'aspmx.l.google.com', '64.233.186.27', 20, 1),
(29, 42, 'alt1.aspmx.l.google.com', '64.233.184.27', 21, 5),
(30, 42, 'alt2.aspmx.l.google.com', '142.250.27.27', 22, 5),
(31, 42, 'alt3.aspmx.l.google.com', '142.250.153.27', 23, 10),
(32, 42, 'alt4.aspmx.l.google.com', '142.251.9.27', 24, 10),
(33, 45, 'amazonfund-gov-br.mail.protection.outlook.com', '52.101.198.1', 4, 10),
(34, 51, 'mx1.amazul.gov.br', '187.29.162.15', 25, 9),
(35, 51, 'mx3.amazul.gov.br', '187.29.162.14', 26, 9),
(36, 51, 'mx4.amazul.gov.br', '187.29.11.36', 27, 9),
(37, 52, 'an-gov-br.mail.protection.outlook.com', '52.101.11.3', 28, 0),
(38, 53, 'ana.in.tmes.trendmicro.com', '18.208.22.79', 14, 0),
(39, 54, 'anac-gov-br.mail.protection.outlook.com', '52.101.42.18', 29, 0),
(40, 56, 'anatel-gov-br.in.tmes.trendmicro.com', '18.208.22.77', 30, 10),
(41, 57, 'ancine-gov-br.mail.protection.outlook.com', '52.101.8.42', 31, 0),
(42, 58, 'agent.aneel.gov.br', '200.198.220.179', 32, 10),
(43, 58, 'master.aneel.gov.br', '200.198.220.178', 33, 100),
(44, 58, 'coulomb.aneel.gov.br', '200.198.220.179', 32, 100),
(45, 58, 'mailsrv.aneel.gov.br', '200.198.220.179', 32, 100),
(46, 59, 'anm-gov-br.mail.protection.outlook.com', '52.101.11.13', 34, 10),
(47, 60, 'anp-gov-br.mail.protection.outlook.com', '52.101.8.42', 31, 10),
(48, 61, 'anpd-gov-br.mail.protection.outlook.com', '52.101.198.0', 35, 0),
(49, 62, 'ans-gov-br.mail.protection.outlook.com', '52.101.41.26', 36, 0),
(50, 63, 'antaq.in.tmes.trendmicro.com', '18.208.22.77', 30, 10),
(51, 64, 'antt-gov-br.mail.protection.outlook.com', '52.101.40.2', 37, 10),
(52, 65, 'cluster1.us.messagelabs.com', '67.219.250.212', 12, 10),
(53, 65, 'cluster1a.us.messagelabs.com', '52.207.128.88', 13, 20),
(54, 66, 'antispam.ap.gov.br', '177.84.201.239', 38, 0),
(55, 69, 'protection.serpro.gov.br', '161.148.50.251', 39, 10),
(56, 72, 'arquivonacional-gov-br.mail.protection.outlook.com', '52.101.8.34', 40, 0),
(57, 73, 'relay.mdic.gov.br', NULL, NULL, 10),
(58, 73, 'smtp2.mdic.gov.br', NULL, NULL, 15),
(59, 80, 'smtp01.radiobras.gov.br', NULL, NULL, 10),
(60, 80, 'smtp02.radiobras.gov.br', NULL, NULL, 20),
(61, 81, 'ba-gov-br.mail.protection.outlook.com', '52.101.40.1', 41, 0),
(62, 83, 'badesc-gov-br.mail.protection.outlook.com', '52.101.40.24', 42, 10),
(63, 87, 'd001smt14.bnb.gov.br', '198.17.120.44', 43, 20),
(64, 87, 'd001smt15.bnb.gov.br', '198.17.121.44', 44, 20),
(65, 90, 'bcb-gov-br.mail.protection.outlook.com', '52.101.10.12', 45, 10),
(66, 95, 'mailscan-in.serpro.gov.br', '161.148.21.200', 46, 0),
(67, 97, 'mail.bn.gov.br', '177.223.196.212', 47, 10),
(68, 97, 'bn-gov-br.mail.protection.outlook.com', '52.101.198.0', 35, 20),
(69, 97, 'correio.bn.gov.br', '200.9.175.158', 48, 30),
(70, 98, 'bnb-gov-br.mail.protection.outlook.com', '52.101.9.2', 49, 0),
(71, 100, 'bndes-gov-br.mail.protection.outlook.com', '52.101.198.0', 35, 0),
(72, 108, 'esa01.presidencia.gov.br', '170.246.255.51', 50, 5),
(73, 108, 'esa02.presidencia.gov.br', '170.246.255.52', 51, 10),
(74, 110, 'smtp053.gdfnet.df.gov.br', '131.72.222.253', 52, 5),
(75, 110, 'smtp054.gdfnet.df.gov.br', '131.72.222.254', 53, 5),
(76, 110, 'smtp051.gdfnet.df.gov.br', '131.72.221.51', 54, 15),
(77, 113, 'alpha.planalto.gov.br', '170.246.255.10', 55, 5),
(78, 115, 'mailmx.abc.gov.br', '201.36.109.91', 56, 10),
(79, 116, 'caxias.irbbrasilre.com', '200.214.65.150', 57, 10),
(80, 116, 'tijuca.irbbrasilre.com', '189.125.177.216', 58, 10),
(81, 117, 'smtp-serpro01.mds.gov.br', '200.198.205.29', 59, 10),
(82, 117, 'smtp-serpro02.mds.gov.br', '200.198.205.30', 60, 10),
(83, 133, 'aspmx.l.google.com', '64.233.186.27', 20, 1),
(84, 133, 'alt1.aspmx.l.google.com', '64.233.184.27', 21, 5),
(85, 133, 'alt2.aspmx.l.google.com', '142.250.27.27', 22, 5),
(86, 133, 'aspmx2.googlemail.com', '64.233.184.27', 21, 10),
(87, 133, 'aspmx3.googlemail.com', '142.250.27.26', 61, 10),
(88, 135, 'mailscan-in.serpro.gov.br', '161.148.21.200', 46, 0),
(89, 139, 'cade-gov-br.mail.protection.outlook.com', '52.101.9.14', 62, 0),
(90, 142, 'smtp-serpro01.mds.gov.br', '200.198.205.29', 59, 0),
(91, 142, 'smtp-serpro02.mds.gov.br', '200.198.205.30', 60, 0),
(92, 143, 'caixa-gov-br.mail.protection.outlook.com', '52.101.11.15', 63, 0),
(93, 161, 'souzinha1.camara.gov.br', '200.219.133.161', 64, 10),
(94, 161, 'souzinha2.camara.gov.br', '200.219.133.162', 65, 10),
(95, 161, 'souzinha3.camara.gov.br', '200.219.133.163', 66, 10),
(96, 163, 'relay.mdic.gov.br', NULL, NULL, 10),
(97, 163, 'smtp2.mdic.gov.br', NULL, NULL, 15),
(98, 168, 'capes-gov-br.mail.protection.outlook.com', '52.101.42.6', 67, 0),
(99, 169, 'mx.capitalderisco.gov.br', '200.212.144.20', 68, 10),
(100, 175, 'esa01.presidencia.gov.br', '170.246.255.51', 50, 5),
(101, 175, 'esa02.presidencia.gov.br', '170.246.255.52', 51, 10),
(102, 176, 'casadamoeda-gov-br.mail.protection.outlook.com', '52.101.10.1', 69, 0),
(103, 177, 'esa01.presidencia.gov.br', '170.246.255.51', 50, 5),
(104, 177, 'esa02.presidencia.gov.br', '170.246.255.52', 51, 10),
(105, 178, 'mail.casaruibarbosa.gov.br', '187.0.209.84', 70, 10),
(106, 181, 'cauac-gov-br.mail.protection.outlook.com', '52.101.194.13', 71, 10),
(107, 182, 'caual-gov-br.mail.protection.outlook.com', '52.101.9.2', 49, 10),
(108, 183, 'cauam-gov-br.mail.protection.outlook.com', '52.101.11.15', 63, 10),
(109, 184, 'cauap-gov-br.mail.protection.outlook.com', '52.101.42.6', 67, 10),
(110, 185, 'cauba-gov-br.mail.protection.outlook.com', '52.101.9.26', 72, 10),
(111, 186, 'caubr-gov-br.mail.protection.outlook.com', '52.101.40.0', 73, 10),
(112, 187, 'cauce-gov-br.mail.protection.outlook.com', '52.101.40.0', 73, 10),
(113, 188, 'caudf-gov-br.mail.protection.outlook.com', '52.101.9.14', 62, 10),
(114, 189, 'caues-gov-br.mail.protection.outlook.com', '52.101.10.14', 74, 10),
(115, 190, 'caugo-gov-br.mail.protection.outlook.com', '52.101.11.15', 63, 10),
(116, 191, 'cauma-gov-br.mail.protection.outlook.com', '52.101.8.51', 75, 10),
(117, 192, 'caumg-gov-br.mail.protection.outlook.com', '52.101.11.2', 76, 10),
(118, 193, 'caums-gov-br.mail.protection.outlook.com', '52.101.11.15', 63, 10),
(119, 194, 'caumt-gov-br.mail.protection.outlook.com', '52.101.194.13', 71, 10),
(120, 195, 'caupa-gov-br.mail.protection.outlook.com', '52.101.41.56', 77, 10),
(121, 196, 'caupb-gov-br.mail.protection.outlook.com', '52.101.8.51', 75, 10),
(122, 197, 'caupe-gov-br.mail.protection.outlook.com', '52.101.10.6', 78, 0),
(123, 198, 'caupi-gov-br.mail.protection.outlook.com', '52.101.8.51', 75, 0),
(124, 199, 'caupr-gov-br.mail.protection.outlook.com', '52.101.42.10', 79, 10),
(125, 199, 'ms32310411.msv1.invalid', NULL, NULL, 32767),
(126, 200, 'caurj-gov-br.mail.protection.outlook.com', '52.101.40.4', 80, 10),
(127, 201, 'caurn-gov-br.mail.protection.outlook.com', '52.101.41.56', 77, 0),
(128, 202, 'cauro-gov-br.mail.protection.outlook.com', '52.101.42.16', 81, 0),
(129, 203, 'caurr-gov-br.mail.protection.outlook.com', '52.101.42.18', 29, 0),
(130, 204, 'caurs-gov-br.mail.protection.outlook.com', '52.101.40.0', 73, 0),
(131, 205, 'causc-gov-br.mail.protection.outlook.com', '52.101.11.2', 76, 0),
(132, 206, 'cause-gov-br.mail.protection.outlook.com', '52.101.8.44', 82, 10),
(133, 207, 'causp-gov-br.mail.protection.outlook.com', '52.101.42.16', 81, 0),
(134, 208, 'cauto-gov-br.mail.protection.outlook.com', '52.101.41.56', 77, 10),
(135, 210, 'sucuri.snisb.gov.br', '177.15.65.152', 83, 10),
(136, 210, 'bonito.snisb.gov.br', '177.15.65.189', 84, 50),
(137, 211, 'mx.b.locaweb.com.br', '177.153.23.242', 85, 10),
(138, 211, 'mx.a.locaweb.com.br', '186.202.4.42', 86, 20),
(139, 211, 'mx.jk.locaweb.com.br', '200.234.204.130', 87, 20),
(140, 214, 'pop.cbtu.gov.br', '186.200.39.170', 88, 25),
(141, 214, 'pop2.cbtu.gov.br', '186.200.39.169', 89, 30),
(142, 222, 'ceagesp-gov-br.mail.protection.outlook.com', '52.101.11.13', 34, 0),
(143, 223, 'mx1.casacivil.ce.gov.br', '189.90.171.3', 90, 10),
(144, 223, 'mx2.casacivil.ce.gov.br', '189.90.171.4', 91, 10),
(145, 225, 'hercules1.cef.gov.br', '200.201.166.106', 92, 10),
(146, 227, 'mail.ceitec.gov.br', '200.132.5.15', 93, 10),
(147, 228, 'smtp01.pr.gov.br', '200.189.123.155', 94, 5),
(148, 228, 'smtp02.pr.gov.br', '200.189.123.155', 94, 5),
(149, 228, 'smtp03.pr.gov.br', '200.189.123.155', 94, 5),
(150, 228, 'smtp04.pr.gov.br', '200.189.123.155', 94, 5),
(151, 228, 'smtp05.pr.gov.br', '200.189.123.155', 94, 5),
(152, 229, 'mail.cemaden.gov.br', '200.133.244.156', 95, 1),
(153, 230, 'mailscan-in.serpro.gov.br', '161.148.21.200', 46, 0),
(154, 231, 'mail.cenp.gov.br', '200.139.10.103', 96, 10),
(155, 237, 'mx01.abin.gov.br', '200.198.220.7', 5, 10),
(156, 237, 'mx02.abin.gov.br', '200.198.220.17', 6, 10),
(157, 239, 'teresopolis.cti.gov.br', '200.144.113.17', 97, 10),
(158, 240, 'mail.cetem.gov.br', '200.20.105.3', 98, 10),
(159, 241, 'aspmx.l.google.com', '64.233.186.27', 20, 1),
(160, 241, 'alt1.aspmx.l.google.com', '64.233.184.27', 21, 5),
(161, 241, 'alt2.aspmx.l.google.com', '142.250.27.27', 22, 5),
(162, 241, 'alt3.aspmx.l.google.com', '142.250.153.27', 23, 10),
(163, 241, 'alt4.aspmx.l.google.com', '142.251.9.27', 24, 10),
(164, 244, 'aspmx.l.google.com', '64.233.186.27', 20, 1),
(165, 244, 'alt1.aspmx.l.google.com', '64.233.184.27', 21, 5),
(166, 244, 'alt2.aspmx.l.google.com', '142.250.27.27', 22, 5),
(167, 244, 'alt3.aspmx.l.google.com', '142.250.153.27', 23, 10),
(168, 244, 'alt4.aspmx.l.google.com', '142.251.9.27', 24, 10),
(169, 245, 'mx.core.locaweb.com.br', '177.153.23.241', 99, 10),
(170, 245, 'mx.a.locaweb.com.br', '186.202.4.42', 86, 20),
(171, 245, 'mx.b.locaweb.com.br', '177.153.23.242', 85, 20),
(172, 245, 'mx.jk.locaweb.com.br', '200.234.204.130', 87, 20),
(173, 246, 'mx.cfmv.gov.br', '189.85.87.76', 100, 10),
(174, 246, 'mx2.cfmv.gov.br', '45.4.192.12', 101, 20),
(175, 247, 'mx.uhserver.com', '200.147.36.29', 102, 10),
(176, 248, 'mx.cgna.gov.br', '200.216.54.201', 103, 10),
(177, 250, 'mxa-007a2802.gslb.pphosted.com', '148.163.146.14', 104, 10),
(178, 250, 'mxb-007a2802.gslb.pphosted.com', '148.163.143.246', 105, 10),
(179, 251, 'cgu-gov-br.mail.protection.outlook.com', '52.101.11.2', 76, 0),
(180, 253, 'mxa-007a2802.gslb.pphosted.com', '148.163.146.14', 104, 10),
(181, 253, 'mxb-007a2802.gslb.pphosted.com', '148.163.143.246', 105, 10),
(182, 254, 'mailscan-in.serpro.gov.br', '161.148.21.200', 46, 0),
(183, 255, 'aspmx.l.google.com', '64.233.186.27', 20, 10),
(184, 255, 'alt1.aspmx.l.google.com', '64.233.184.27', 21, 20),
(185, 255, 'alt2.aspmx.l.google.com', '142.250.27.27', 22, 20),
(186, 255, 'aspmx2.googlemail.com', '64.233.184.27', 21, 30),
(187, 255, 'aspmx3.googlemail.com', '142.250.27.26', 61, 30),
(188, 255, 'aspmx4.googlemail.com', '142.250.153.27', 23, 30),
(189, 255, 'aspmx5.googlemail.com', '142.251.9.26', 106, 30),
(190, 256, 'aspmx.l.google.com', '64.233.186.27', 20, 1),
(191, 256, 'alt1.aspmx.l.google.com', '64.233.184.27', 21, 5),
(192, 256, 'alt2.aspmx.l.google.com', '142.250.27.27', 22, 5),
(193, 256, 'aspmx2.googlemail.com', '64.233.184.27', 21, 10),
(194, 256, 'aspmx3.googlemail.com', '142.250.27.26', 61, 10),
(195, 257, 'cidadania-gov-br.mail.protection.outlook.com', '52.101.10.2', 107, 0),
(196, 258, 'mail1.bcb.gov.br', NULL, NULL, 10),
(197, 258, 'mail2.bcb.gov.br', NULL, NULL, 10),
(198, 258, 'mail3.bcb.gov.br', NULL, NULL, 10),
(199, 259, 'funasa.in.tmes.trendmicro.com', '18.208.22.78', 108, 0),
(200, 263, 'mail.cienciasus.gov.br', '162.241.2.213', 109, 0),
(201, 264, 'tora.ciscea.gov.br', '200.255.49.23', 110, 5),
(202, 264, 'tora2.ciscea.gov.br', '200.216.54.205', 111, 10),
(203, 264, 'antispam.ciscea.gov.br', '200.255.49.23', 110, 15),
(204, 264, 'antispam2.ciscea.gov.br', '200.216.54.205', 111, 20),
(205, 266, 'cmb-gov-br.mail.protection.outlook.com', '52.101.11.9', 112, 0),
(206, 268, 'cnen-gov-br.mail.protection.outlook.com', '52.101.10.12', 45, 0),
(207, 270, 'cnfcp-gov-br.mail.protection.outlook.com', '52.101.9.17', 2, 20),
(208, 275, 'coaf-gov-br.mail.protection.outlook.com', '52.101.198.1', 4, 0),
(209, 276, 'mx.core.locaweb.com.br', '177.153.23.241', 99, 10),
(210, 276, 'mx.a.locaweb.com.br', '186.202.4.42', 86, 20),
(211, 276, 'mx.b.locaweb.com.br', '177.153.23.242', 85, 20),
(212, 276, 'mx.jk.locaweb.com.br', '200.234.204.130', 87, 20),
(213, 278, 'codesa-gov-br.mail.protection.outlook.com', '52.101.9.2', 49, 10),
(214, 280, 'smtp.codevasf.gov.br', '189.84.136.140', 113, 10),
(215, 280, 'smtp2.codevasf.gov.br', '186.216.211.93', 114, 20),
(216, 283, 'aspmx.l.google.com', '142.251.0.26', 115, 1),
(217, 283, 'alt1.aspmx.l.google.com', '64.233.184.26', 116, 5),
(218, 283, 'alt2.aspmx.l.google.com', '142.250.27.27', 22, 5),
(219, 283, 'alt3.aspmx.l.google.com', '142.250.153.26', 117, 10),
(220, 283, 'alt4.aspmx.l.google.com', '142.251.9.26', 106, 10),
(221, 284, 'mail.cofecon.gov.br', '162.214.54.154', 118, 0),
(222, 285, 'cofen-gov-br.mail.protection.outlook.com', '52.101.9.11', 119, 0),
(223, 286, 'mx.core.locaweb.com.br', '177.153.23.241', 99, 10),
(224, 286, 'mx.a.locaweb.com.br', '186.202.4.42', 86, 20),
(225, 286, 'mx.b.locaweb.com.br', '177.153.23.242', 85, 20),
(226, 286, 'mx.jk.locaweb.com.br', '200.234.204.130', 87, 20),
(227, 289, 'mte-mx03.mlicloud.com', '187.108.197.246', 120, 10),
(228, 289, 'mte-mx04.mlicloud.com', '187.108.197.187', 121, 10),
(229, 289, 'dc02-economia-mx01.mlicloud.com', '186.227.197.37', 122, 10),
(230, 289, 'dc02-economia-mx02.mlicloud.com', '187.45.183.227', 123, 10),
(231, 296, 'smtp-serpro.mds.gov.br', NULL, NULL, 0),
(232, 297, 'relay01.planejamento.gov.br', '189.9.7.65', 124, 10),
(233, 297, 'relay02.planejamento.gov.br', '189.9.7.66', 125, 10),
(234, 304, 'mailin.conab.gov.br', '160.238.29.68', 126, 1),
(235, 307, 'concar-gov-br.mail.protection.outlook.com', '52.101.9.14', 62, 5),
(236, 310, 'mx1.saude.gov.br', '189.28.129.1', 127, 10),
(237, 310, 'mx2.saude.gov.br', '189.28.129.2', 128, 10),
(238, 310, 'mx4.saude.gov.br', '189.28.129.4', 129, 10),
(239, 310, 'mx5.saude.gov.br', '189.28.129.16', 130, 10),
(240, 314, 'consorciociga-gov-br.mail.protection.outlook.com', '52.101.41.21', 131, 0),
(241, 315, 'consorcionordeste-gov-br.mail.protection.outlook.com', '52.101.40.24', 42, 0),
(242, 318, 'consumidor-gov-br.mail.protection.outlook.com', '52.101.41.21', 131, 0),
(243, 318, 'maine.mj.gov.br', '189.9.0.101', 132, 10),
(244, 318, 'piaget.mj.gov.br', '189.9.0.101', 132, 20),
(245, 320, 'mx1.titan.email', '44.218.81.177', 133, 10),
(246, 320, 'mx2.titan.email', '3.215.61.3', 134, 20),
(247, 322, 'mx.b.locaweb.com.br', '177.153.23.242', 85, 10),
(248, 322, 'mx.core.locaweb.com.br', '177.153.23.241', 99, 10),
(249, 322, 'mx.a.locaweb.com.br', '186.202.4.42', 86, 20),
(250, 322, 'mx.jk.locaweb.com.br', '200.234.204.130', 87, 20),
(251, 324, 'mail.corecongo.gov.br', '162.241.2.66', 135, 0),
(252, 325, 'mail.coreconpe.gov.br', '162.241.61.189', 136, 0),
(253, 326, 'mx.core.locaweb.com.br', '177.153.23.241', 99, 10),
(254, 326, 'mx.a.locaweb.com.br', '186.202.4.42', 86, 20),
(255, 326, 'mx.b.locaweb.com.br', '177.153.23.242', 85, 20),
(256, 326, 'mx.jk.locaweb.com.br', '200.234.204.130', 87, 20),
(257, 328, 'mail.coreconsp.gov.br', '162.240.161.58', 137, 0),
(258, 330, 'coren-ap.gov.br', '192.185.223.121', 138, 0),
(259, 331, 'alt3.aspmx.l.google.com', '142.250.153.26', 117, 10),
(260, 332, 'mx-br.spfbl.net', '52.67.41.212', 139, 0),
(261, 332, 'praetoriae.bktech.com.br', '3.217.213.23', 140, 1),
(262, 332, 'hill55.bktech.com.br', '34.232.250.42', 141, 2),
(263, 332, 'mx-us.spfbl.net', '35.162.4.77', 142, 10),
(264, 333, 'mx.coren-mg.gov.br', '213.32.17.239', 143, 0),
(265, 334, 'mx.core.locaweb.com.br', '177.153.23.241', 99, 10),
(266, 334, 'mx.a.locaweb.com.br', '186.202.4.42', 86, 20),
(267, 334, 'mx.b.locaweb.com.br', '177.153.23.242', 85, 20),
(268, 334, 'mx.jk.locaweb.com.br', '200.234.204.130', 87, 20),
(269, 336, 'mail.coren-pe.gov.br', '162.240.220.15', 144, 0),
(270, 338, 'protection.serpro.gov.br', '161.148.50.251', 39, 0),
(271, 339, 'corensp-gov-br01c.mail.protection.outlook.com', '52.101.9.12', 145, 0),
(272, 341, 'aspmx.l.google.com', '142.251.0.26', 115, 1),
(273, 341, 'alt1.aspmx.l.google.com', '64.233.184.26', 116, 5),
(274, 341, 'alt2.aspmx.l.google.com', '142.250.27.27', 22, 5),
(275, 341, 'alt3.aspmx.l.google.com', '142.250.153.26', 117, 10),
(276, 341, 'alt4.aspmx.l.google.com', '142.251.9.26', 106, 10),
(277, 342, 'mx.uhserver.com', '200.147.36.29', 102, 10),
(278, 343, 'smtp.corenmg.gov.br', '186.248.236.163', 146, 10),
(279, 343, 'smtp.corenmg.gov.br', '186.248.236.163', 146, 20),
(280, 343, 'smtp.corenmg.gov.br', '186.248.236.163', 146, 30),
(281, 343, 'smtp.corenmg.gov.br', '186.248.236.163', 146, 40),
(282, 344, 'aspmx2.googlemail.com', '64.233.184.27', 21, 30),
(283, 345, '200.234.222.116', NULL, NULL, 10),
(284, 346, 'aspmx.l.google.com', '142.251.0.26', 115, 1),
(285, 346, 'alt1.aspmx.l.google.com', '64.233.184.26', 116, 5),
(286, 346, 'alt2.aspmx.l.google.com', '142.250.27.27', 22, 5),
(287, 346, 'alt3.aspmx.l.google.com', '142.250.153.26', 117, 10),
(288, 346, 'alt4.aspmx.l.google.com', '142.251.9.26', 106, 10),
(289, 348, 'mail.corensc.gov.br', '168.181.70.251', 147, 10),
(290, 349, 'mail.corensp.gov.br', '201.16.179.9', 148, 1),
(291, 349, 'ec2-54-232-52-172.sa-east-1.compute.amazonaws.com', '54.232.52.172', 149, 10),
(292, 356, 'cp2.gov.br', '200.189.101.10', 150, 0),
(293, 356, '108303612.mail.outlook.com', '52.101.41.3', 3, 0),
(294, 357, 'aspmx.l.google.com', '142.251.0.26', 115, 1),
(295, 357, 'alt1.aspmx.l.google.com', '64.233.184.26', 116, 5),
(296, 357, 'alt2.aspmx.l.google.com', '142.250.27.27', 22, 5),
(297, 357, 'alt3.aspmx.l.google.com', '142.250.153.26', 117, 10),
(298, 357, 'alt4.aspmx.l.google.com', '142.251.9.26', 106, 10),
(299, 359, 'aspmx.l.google.com', '142.251.0.26', 115, 1),
(300, 359, 'alt1.aspmx.l.google.com', '64.233.184.26', 116, 5),
(301, 359, 'alt2.aspmx.l.google.com', '142.250.27.27', 22, 5),
(302, 359, 'aspmx2.googlemail.com', '64.233.184.27', 21, 10),
(303, 359, 'aspmx3.googlemail.com', '142.250.27.26', 61, 10),
(304, 360, 'aspmx.l.google.com', '142.251.0.26', 115, 1),
(305, 360, 'alt1.aspmx.l.google.com', '64.233.184.26', 116, 5),
(306, 360, 'alt2.aspmx.l.google.com', '142.250.27.27', 22, 5),
(307, 360, 'alt3.aspmx.l.google.com', '142.250.153.26', 117, 10),
(308, 360, 'alt4.aspmx.l.google.com', '142.251.9.26', 106, 10),
(309, 361, 'plesk03.dc.grupogmaes.com', '138.122.95.70', 151, 5),
(310, 364, 'mx.b.locaweb.com.br', '177.153.23.242', 85, 10),
(311, 364, 'mx.core.locaweb.com.br', '177.153.23.241', 99, 10),
(312, 364, 'mx.a.locaweb.com.br', '186.202.4.42', 86, 20),
(313, 364, 'mx.jk.locaweb.com.br', '200.234.204.130', 87, 20),
(314, 365, 'aspmx.l.google.com', '142.251.0.26', 115, 1),
(315, 365, 'alt1.aspmx.l.google.com', '64.233.184.26', 116, 5),
(316, 365, 'alt2.aspmx.l.google.com', '142.250.27.27', 22, 5),
(317, 365, 'alt3.aspmx.l.google.com', '142.250.153.26', 117, 10),
(318, 365, 'alt4.aspmx.l.google.com', '142.251.9.26', 106, 10),
(319, 366, 'wg9.webgenium.com.br', '177.66.204.150', 152, 10),
(320, 369, 'mail.crbio01.gov.br', '45.233.113.76', 153, 0),
(321, 369, 'mail2.crbio01.gov.br', '45.233.113.66', 154, 10),
(322, 370, 'cpanel01.dc.grupogmaes.com', '138.122.92.39', 155, 5),
(323, 371, 'crbio03-gov-br.mail.protection.outlook.com', '52.101.198.1', 4, 0),
(324, 372, 'aspmx.l.google.com', '142.251.0.26', 115, 1),
(325, 372, 'alt1.aspmx.l.google.com', '64.233.184.26', 116, 5),
(326, 372, 'alt2.aspmx.l.google.com', '142.250.27.27', 22, 5),
(327, 372, 'alt3.aspmx.l.google.com', '142.250.153.26', 117, 10),
(328, 372, 'alt4.aspmx.l.google.com', '142.251.9.26', 106, 10),
(329, 372, 'aspmx2.googlemail.com', '64.233.184.27', 21, 10),
(330, 372, 'aspmx3.googlemail.com', '142.250.27.26', 61, 10),
(331, 372, 'aspmx4.googlemail.com', '142.250.153.27', 23, 20),
(332, 372, 'aspmx5.googlemail.com', '142.251.9.26', 106, 20),
(333, 373, 'mx.core.locaweb.com.br', '177.153.23.241', 99, 10),
(334, 373, 'mx.a.locaweb.com.br', '186.202.4.42', 86, 20),
(335, 373, 'mx.b.locaweb.com.br', '177.153.23.242', 85, 20),
(336, 373, 'mx.jk.locaweb.com.br', '200.234.204.130', 87, 20),
(337, 374, 'mx-vip-01.kinghost.net', '191.6.216.38', 156, 5),
(338, 374, 'mx-vip-02.kinghost.net', '191.6.216.39', 157, 5),
(339, 375, 'aspmx.l.google.com', '142.251.0.26', 115, 1),
(340, 375, 'alt1.aspmx.l.google.com', '64.233.184.26', 116, 5),
(341, 375, 'alt2.aspmx.l.google.com', '142.250.27.27', 22, 5),
(342, 375, 'alt3.aspmx.l.google.com', '142.250.153.26', 117, 10),
(343, 375, 'alt4.aspmx.l.google.com', '142.251.9.26', 106, 10),
(344, 376, 'mx.uhserver.com', '200.147.36.29', 102, 0),
(345, 377, 'mx-vip-01.kinghost.net', '191.6.216.38', 156, 5),
(346, 377, 'mx-vip-02.kinghost.net', '191.6.216.39', 157, 5),
(347, 380, 'wg9.webgenium.com.br', '177.66.204.150', 152, 10),
(348, 381, 'crbio8.gov.br', '216.172.172.228', 158, 0),
(349, 382, 'wg9.webgenium.com.br', '177.66.204.150', 152, 10),
(350, 383, 'mx-vip-01.kinghost.net', '191.6.216.38', 156, 5),
(351, 383, 'mx-vip-02.kinghost.net', '191.6.216.39', 157, 5),
(352, 384, 'crbm2-gov-br.mail.protection.outlook.com', '52.101.41.26', 36, 1),
(353, 385, 'aspmx.l.google.com', '142.251.0.26', 115, 1),
(354, 385, 'alt1.aspmx.l.google.com', '64.233.184.26', 116, 5),
(355, 385, 'alt2.aspmx.l.google.com', '142.250.27.27', 22, 5),
(356, 385, 'alt3.aspmx.l.google.com', '142.250.153.26', 117, 10),
(357, 385, 'alt4.aspmx.l.google.com', '142.251.9.26', 106, 10),
(358, 386, 'mx-vip-01.kinghost.net', '191.6.216.38', 156, 5),
(359, 386, 'mx-vip-02.kinghost.net', '191.6.216.39', 157, 5),
(360, 387, 'mail.crbm6.gov.br', '67.225.188.52', 159, 0),
(361, 391, 'aspmx.l.google.com', '142.251.0.26', 115, 1),
(362, 391, 'alt1.aspmx.l.google.com', '64.233.184.26', 116, 5),
(363, 391, 'alt2.aspmx.l.google.com', '142.250.27.27', 22, 5),
(364, 391, 'alt3.aspmx.l.google.com', '142.250.153.26', 117, 10),
(365, 391, 'alt4.aspmx.l.google.com', '142.251.9.26', 106, 10),
(366, 392, 'aspmx.l.google.com', '142.251.0.26', 115, 1),
(367, 392, 'alt1.aspmx.l.google.com', '64.233.184.26', 116, 5),
(368, 392, 'alt2.aspmx.l.google.com', '142.250.27.27', 22, 5),
(369, 392, 'alt3.aspmx.l.google.com', '142.250.153.26', 117, 10),
(370, 392, 'alt4.aspmx.l.google.com', '142.251.9.26', 106, 10),
(371, 393, 'aspmx.l.google.com', '142.251.0.26', 115, 1),
(372, 393, 'alt1.aspmx.l.google.com', '64.233.184.26', 116, 5),
(373, 393, 'alt2.aspmx.l.google.com', '142.250.27.27', 22, 5),
(374, 393, 'alt3.aspmx.l.google.com', '142.250.153.26', 117, 10),
(375, 393, 'alt4.aspmx.l.google.com', '142.251.9.26', 106, 10),
(376, 395, 'mx-vip-01.kinghost.net', '191.6.216.38', 156, 5),
(377, 395, 'mx-vip-02.kinghost.net', '191.6.216.39', 157, 5),
(378, 396, 'aspmx.l.google.com', '142.251.0.26', 115, 1),
(379, 396, 'alt1.aspmx.l.google.com', '64.233.184.26', 116, 5),
(380, 396, 'alt2.aspmx.l.google.com', '142.250.27.27', 22, 5),
(381, 396, 'alt3.aspmx.l.google.com', '142.250.153.26', 117, 10),
(382, 396, 'alt4.aspmx.l.google.com', '142.251.9.26', 106, 10),
(383, 397, 'aspmx.l.google.com', '142.251.0.26', 115, 10),
(384, 397, 'alt1.aspmx.l.google.com', '64.233.184.26', 116, 20),
(385, 397, 'alt2.aspmx.l.google.com', '142.250.27.27', 22, 20),
(386, 397, 'aspmx2.googlemail.com', '64.233.184.27', 21, 30),
(387, 397, 'aspmx3.googlemail.com', '142.250.27.27', 22, 30),
(388, 397, 'aspmx4.googlemail.com', '142.250.153.27', 23, 30),
(389, 397, 'aspmx5.googlemail.com', '142.251.9.26', 106, 30),
(390, 398, 'aspmx.l.google.com', '142.251.0.26', 115, 1),
(391, 398, 'alt1.aspmx.l.google.com', '64.233.184.26', 116, 5),
(392, 398, 'alt2.aspmx.l.google.com', '142.250.27.27', 22, 5),
(393, 398, 'alt3.aspmx.l.google.com', '142.250.153.26', 117, 10),
(394, 398, 'alt4.aspmx.l.google.com', '142.251.9.26', 106, 10),
(395, 399, 'matheus.garlix.com.br', NULL, NULL, 5),
(396, 400, 'mx.core.locaweb.com.br', '177.153.23.241', 99, 10),
(397, 400, 'mx.a.locaweb.com.br', '186.202.4.42', 86, 20),
(398, 400, 'mx.b.locaweb.com.br', '177.153.23.242', 85, 20),
(399, 400, 'mx.jk.locaweb.com.br', '200.234.204.130', 87, 20),
(400, 401, 'aspmx.l.google.com', '142.251.0.26', 115, 1),
(401, 401, 'alt1.aspmx.l.google.com', '64.233.184.26', 116, 5),
(402, 401, 'alt2.aspmx.l.google.com', '142.250.27.27', 22, 5),
(403, 401, 'alt3.aspmx.l.google.com', '142.250.153.26', 117, 10),
(404, 401, 'alt4.aspmx.l.google.com', '142.251.9.26', 106, 10),
(405, 402, 'mxcreci.lk6.com.br', '187.32.80.226', 160, 10),
(406, 403, 'barracuda.penso.com.br', '200.219.235.50', 161, 10),
(407, 405, 'aspmx.l.google.com', '142.251.0.26', 115, 1),
(408, 405, 'alt1.aspmx.l.google.com', '64.233.184.26', 116, 5),
(409, 405, 'alt2.aspmx.l.google.com', '142.250.27.27', 22, 5),
(410, 405, 'alt3.aspmx.l.google.com', '142.250.153.26', 117, 10),
(411, 405, 'alt4.aspmx.l.google.com', '142.251.9.26', 106, 10),
(412, 406, 'creciac.gov.br', '198.49.75.151', 162, 0),
(413, 407, 'mx.a.locaweb.com.br', '186.202.4.42', 86, 10),
(414, 407, 'mx.b.locaweb.com.br', '177.153.23.242', 85, 10),
(415, 407, 'mx.jk.locaweb.com.br', '200.234.204.130', 87, 20),
(416, 408, 'aspmx.l.google.com', '142.251.0.26', 115, 0),
(417, 408, 'alt1.aspmx.l.google.com', '64.233.184.26', 116, 5),
(418, 408, 'alt2.aspmx.l.google.com', '142.250.27.27', 22, 5),
(419, 408, 'alt3.aspmx.l.google.com', '142.250.153.26', 117, 10),
(420, 408, 'alt4.aspmx.l.google.com', '142.251.9.26', 106, 10),
(421, 409, 'aspmx.l.google.com', '142.251.0.26', 115, 1),
(422, 409, 'alt1.aspmx.l.google.com', '64.233.184.26', 116, 5),
(423, 409, 'alt2.aspmx.l.google.com', '142.250.27.27', 22, 5),
(424, 409, 'alt3.aspmx.l.google.com', '142.250.153.26', 117, 10),
(425, 409, 'alt4.aspmx.l.google.com', '142.251.9.26', 106, 10),
(426, 410, 'aspmx.l.google.com', '142.251.0.26', 115, 0),
(427, 410, 'alt1.aspmx.l.google.com', '64.233.184.26', 116, 5),
(428, 410, 'alt2.aspmx.l.google.com', '142.250.27.27', 22, 5),
(429, 410, 'alt3.aspmx.l.google.com', '142.250.153.26', 117, 10),
(430, 410, 'alt4.aspmx.l.google.com', '142.251.9.26', 106, 10),
(431, 411, 'mail.crecima.gov.br', '162.241.203.15', 163, 0),
(432, 412, 'aspmx.l.google.com', '142.251.0.26', 115, 1),
(433, 412, 'alt1.aspmx.l.google.com', '64.233.184.26', 116, 5),
(434, 412, 'alt2.aspmx.l.google.com', '142.250.27.27', 22, 5),
(435, 412, 'alt3.aspmx.l.google.com', '142.250.153.26', 117, 10),
(436, 412, 'alt4.aspmx.l.google.com', '142.251.9.26', 106, 10),
(437, 413, 'aspmx.l.google.com', '142.251.0.26', 115, 1),
(438, 413, 'alt1.aspmx.l.google.com', '64.233.184.26', 116, 5),
(439, 413, 'alt2.aspmx.l.google.com', '142.250.27.27', 22, 5),
(440, 413, 'alt3.aspmx.l.google.com', '142.250.153.26', 117, 9),
(441, 413, 'alt4.aspmx.l.google.com', '142.251.9.26', 106, 9),
(442, 414, 'aspmx.l.google.com', '142.251.0.26', 115, 1),
(443, 414, 'alt1.aspmx.l.google.com', '64.233.184.26', 116, 5),
(444, 414, 'alt2.aspmx.l.google.com', '142.250.27.27', 22, 5),
(445, 414, 'alt3.aspmx.l.google.com', '142.250.153.26', 117, 10),
(446, 414, 'alt4.aspmx.l.google.com', '142.251.9.26', 106, 10),
(447, 415, 'aspmx.l.google.com', '142.251.0.26', 115, 1),
(448, 415, 'alt1.aspmx.l.google.com', '64.233.184.26', 116, 5),
(449, 415, 'alt2.aspmx.l.google.com', '142.250.27.27', 22, 5),
(450, 415, 'alt3.aspmx.l.google.com', '142.250.153.26', 117, 10),
(451, 415, 'alt4.aspmx.l.google.com', '142.251.9.26', 106, 10),
(452, 416, 'mail.crecipr.gov.br', '201.47.3.86', 164, 10),
(453, 416, 'mail2.crecipr.gov.br', '177.36.185.134', 165, 10),
(454, 417, 'aspmx.l.google.com', '142.251.0.26', 115, 1),
(455, 417, 'alt1.aspmx.l.google.com', '64.233.184.26', 116, 5),
(456, 417, 'alt2.aspmx.l.google.com', '142.250.27.27', 22, 5),
(457, 417, 'alt3.aspmx.l.google.com', '142.250.153.26', 117, 10),
(458, 417, 'alt4.aspmx.l.google.com', '142.251.9.26', 106, 10),
(459, 418, 'aspmx.l.google.com', '142.251.0.26', 115, 1),
(460, 418, 'alt1.aspmx.l.google.com', '64.233.184.26', 116, 5),
(461, 418, 'alt2.aspmx.l.google.com', '142.250.27.27', 22, 5),
(462, 418, 'alt3.aspmx.l.google.com', '142.250.153.26', 117, 10),
(463, 418, 'alt4.aspmx.l.google.com', '142.251.9.26', 106, 10),
(464, 419, 'aspmx.l.google.com', '142.251.0.26', 115, 1),
(465, 419, 'alt1.aspmx.l.google.com', '64.233.184.26', 116, 5),
(466, 419, 'alt2.aspmx.l.google.com', '142.250.27.27', 22, 5),
(467, 419, 'alt3.aspmx.l.google.com', '142.250.153.26', 117, 10),
(468, 419, 'alt4.aspmx.l.google.com', '142.251.9.26', 106, 10),
(469, 420, 'aspmx.l.google.com', '142.251.0.26', 115, 1),
(470, 420, 'alt1.aspmx.l.google.com', '64.233.184.26', 116, 5),
(471, 420, 'alt2.aspmx.l.google.com', '142.250.27.27', 22, 5),
(472, 420, 'alt3.aspmx.l.google.com', '142.250.153.26', 117, 10),
(473, 420, 'alt4.aspmx.l.google.com', '142.251.9.26', 106, 10),
(474, 421, 'mail.crecito.gov.br', '162.240.166.230', 166, 0),
(475, 424, 'cref-sp.gov.br', '187.0.205.22', 167, 0),
(476, 425, 'cref4-sp.gov.br', '187.0.205.22', 167, 0),
(477, 426, 'cref4.gov.br', '187.0.205.22', 167, 0),
(478, 427, 'cref4sp.gov.br', '187.0.205.22', 167, 0),
(479, 428, 'aspmx.l.google.com', '142.251.0.26', 115, 10),
(480, 428, 'alt1.aspmx.l.google.com', '64.233.184.26', 116, 20),
(481, 428, 'alt2.aspmx.l.google.com', '142.250.27.27', 22, 20),
(482, 428, 'aspmx2.googlemail.com', '64.233.184.27', 21, 30),
(483, 428, 'aspmx3.googlemail.com', '142.250.27.27', 22, 30),
(484, 428, 'aspmx4.googlemail.com', '142.250.153.27', 23, 30),
(485, 428, 'aspmx5.googlemail.com', '142.251.9.26', 106, 30),
(486, 430, 'mx.core.locaweb.com.br', '177.153.23.241', 99, 10),
(487, 430, 'mx.a.locaweb.com.br', '186.202.4.42', 86, 20),
(488, 430, 'mx.b.locaweb.com.br', '177.153.23.242', 85, 20),
(489, 430, 'mx.jk.locaweb.com.br', '200.234.204.130', 87, 20),
(490, 431, 'mx.a.locaweb.com.br', '186.202.4.42', 86, 10),
(491, 431, 'mx.b.locaweb.com.br', '177.153.23.242', 85, 10),
(492, 431, 'mx.jk.locaweb.com.br', '200.234.204.130', 87, 20),
(493, 432, 'mx.b.locaweb.com.br', '177.153.23.242', 85, 10),
(494, 432, 'mx.core.locaweb.com.br', '177.153.23.241', 99, 10),
(495, 432, 'mx.a.locaweb.com.br', '186.202.4.42', 86, 20),
(496, 432, 'mx.jk.locaweb.com.br', '200.234.204.130', 87, 20),
(497, 433, 'crefito4.gov.br', '179.124.199.226', 168, 0),
(498, 434, 'mail.crefito7.gov.br', '162.214.64.218', 169, 0),
(499, 435, 'crefito8-gov-br.mail.protection.outlook.com', '52.101.41.54', 170, 0),
(500, 435, 'antigo.mx.a.locaweb.com.br', NULL, NULL, 10),
(501, 435, 'antigo.mx.b.locaweb.com.br', NULL, NULL, 10),
(502, 435, 'antigo.mx.jk.locaweb.com.br', NULL, NULL, 20),
(503, 435, 'ms94649695.msv1.invalid', NULL, NULL, 3276),
(504, 437, 'mx.core.locaweb.com.br', '177.153.23.241', 99, 10),
(505, 437, 'mx.a.locaweb.com.br', '186.202.4.42', 86, 20),
(506, 437, 'mx.b.locaweb.com.br', '177.153.23.242', 85, 20),
(507, 437, 'mx.jk.locaweb.com.br', '200.234.204.130', 87, 20),
(508, 438, 'hl06mta1.argohost.net', '201.139.186.196', 171, 0),
(509, 438, 'hl06mta2.argohost.net', '201.139.186.199', 172, 0),
(510, 438, 'hl06mta3.argohost.net', '201.139.186.200', 173, 0),
(511, 439, 'h01r16.llevon.com.br', '187.0.205.24', 174, 0),
(512, 440, 'mx.cremesp.gov.br', '200.198.189.214', 175, 5),
(513, 442, 'mx.core.locaweb.com.br', '177.153.23.241', 99, 10),
(514, 442, 'mx.a.locaweb.com.br', '186.202.4.42', 86, 20),
(515, 442, 'mx.b.locaweb.com.br', '177.153.23.242', 85, 20),
(516, 442, 'mx.jk.locaweb.com.br', '200.234.204.130', 87, 20),
(517, 444, 'crfsc.gov.br', '187.49.226.210', 176, 0),
(518, 445, 'aspmx.l.google.com', '142.251.0.26', 115, 1),
(519, 445, 'alt1.aspmx.l.google.com', '64.233.184.26', 116, 5),
(520, 445, 'alt2.aspmx.l.google.com', '142.250.27.27', 22, 5),
(521, 445, 'alt3.aspmx.l.google.com', '142.250.153.26', 117, 10),
(522, 445, 'alt4.aspmx.l.google.com', '142.251.9.26', 106, 10),
(523, 446, 'crm-gov-br.mail.protection.outlook.com', '52.101.11.13', 34, 0),
(524, 448, 'mx.spamexperts.com', '38.111.198.185', 177, 10),
(525, 448, 'fallbackmx.spamexperts.eu', '38.89.254.156', 178, 20),
(526, 448, 'lastmx.spamexperts.net', '38.89.254.156', 178, 30),
(527, 450, 'mx.b.locaweb.com.br', '177.153.23.242', 85, 10),
(528, 450, 'mx.core.locaweb.com.br', '177.153.23.241', 99, 10),
(529, 450, 'mx.a.locaweb.com.br', '186.202.4.42', 86, 20),
(530, 450, 'mx.jk.locaweb.com.br', '200.234.204.130', 87, 20),
(531, 451, 'mx.emailsecurityonline.com.br', '45.71.212.60', 179, 10),
(532, 452, 'mail.crmvsc.gov.br', '138.122.95.18', 180, 10),
(533, 453, 'mx.b.locaweb.com.br', '177.153.23.242', 85, 10),
(534, 453, 'mx.core.locaweb.com.br', '177.153.23.241', 99, 10),
(535, 453, 'mx.a.locaweb.com.br', '186.202.4.42', 86, 20),
(536, 453, 'mx.jk.locaweb.com.br', '200.234.204.130', 87, 20),
(537, 454, 'mx.cfmv.gov.br', '189.85.87.76', 100, 10),
(538, 454, 'mx2.cfmv.gov.br', '45.4.192.12', 101, 20),
(539, 455, 'aspmx.l.google.com', '142.251.0.26', 115, 10),
(540, 455, 'alt1.aspmx.l.google.com', '64.233.184.26', 116, 20),
(541, 455, 'alt2.aspmx.l.google.com', '142.250.27.27', 22, 30),
(542, 455, 'aspmx2.googlemail.com', '64.233.184.27', 21, 40),
(543, 455, 'aspmx3.googlemail.com', '142.250.27.27', 22, 50),
(544, 456, 'mail.crq-9.gov.br', '177.92.11.115', 181, 5),
(545, 458, 'aspmx.l.google.com', '142.251.0.26', 115, 1),
(546, 458, 'alt1.aspmx.l.google.com', '64.233.184.26', 116, 5),
(547, 458, 'alt2.aspmx.l.google.com', '142.250.27.27', 22, 5),
(548, 458, 'alt3.aspmx.l.google.com', '142.250.153.26', 117, 10),
(549, 458, 'alt4.aspmx.l.google.com', '142.251.9.26', 106, 10),
(550, 459, 'aspmx.l.google.com', '142.251.0.26', 115, 1),
(551, 459, 'alt1.aspmx.l.google.com', '64.233.184.26', 116, 5),
(552, 459, 'alt2.aspmx.l.google.com', '142.250.27.27', 22, 5),
(553, 459, 'alt3.aspmx.l.google.com', '142.250.153.26', 117, 10),
(554, 459, 'alt4.aspmx.l.google.com', '142.251.9.26', 106, 10),
(555, 460, 'antispam.pensomail.com.br', '179.190.27.164', 182, 10),
(556, 461, 'aspmx.l.google.com', '142.251.0.26', 115, 1),
(557, 461, 'alt1.aspmx.l.google.com', '64.233.184.26', 116, 5),
(558, 461, 'alt2.aspmx.l.google.com', '142.250.27.27', 22, 5),
(559, 461, 'alt3.aspmx.l.google.com', '142.250.153.26', 117, 10),
(560, 461, 'alt4.aspmx.l.google.com', '142.251.9.26', 106, 10),
(561, 463, 'aspmx.l.google.com', '142.251.0.26', 115, 0),
(562, 463, 'alt2.aspmx.l.google.com', '142.250.27.27', 22, 1),
(563, 463, 'alt3.aspmx.l.google.com', '142.250.153.26', 117, 2),
(564, 463, 'alt4.aspmx.l.google.com', '142.251.9.26', 106, 3),
(565, 463, 'alt5.aspmx.l.google.com', '142.250.150.26', 183, 5),
(566, 464, 'mx.core.locaweb.com.br', '177.153.23.241', 99, 10),
(567, 464, 'mx.a.locaweb.com.br', '186.202.4.42', 86, 20),
(568, 464, 'mx.b.locaweb.com.br', '177.153.23.242', 85, 20),
(569, 464, 'mx.jk.locaweb.com.br', '200.234.204.130', 87, 20),
(570, 466, 'aspmx.l.google.com', '142.251.0.26', 115, 1),
(571, 466, 'alt1.aspmx.l.google.com', '64.233.184.26', 116, 5),
(572, 466, 'alt2.aspmx.l.google.com', '142.250.27.27', 22, 5),
(573, 466, 'alt3.aspmx.l.google.com', '142.250.153.26', 117, 10),
(574, 466, 'alt4.aspmx.l.google.com', '142.251.9.26', 106, 10),
(575, 467, 'aspmx.l.google.com', '142.251.0.26', 115, 1),
(576, 467, 'alt1.aspmx.l.google.com', '64.233.184.26', 116, 5),
(577, 467, 'alt2.aspmx.l.google.com', '142.250.27.27', 22, 5),
(578, 467, 'alt3.aspmx.l.google.com', '142.250.153.26', 117, 10),
(579, 467, 'alt4.aspmx.l.google.com', '142.251.9.26', 106, 10),
(580, 468, 'aspmx.l.google.com', '142.251.0.26', 115, 1),
(581, 468, 'alt1.aspmx.l.google.com', '64.233.184.26', 116, 5),
(582, 468, 'alt2.aspmx.l.google.com', '142.250.27.27', 22, 5),
(583, 468, 'alt3.aspmx.l.google.com', '142.250.153.26', 117, 10),
(584, 468, 'alt4.aspmx.l.google.com', '142.251.9.26', 106, 10),
(585, 469, 'aspmx.l.google.com', '142.251.0.26', 115, 1),
(586, 469, 'alt1.aspmx.l.google.com', '64.233.184.26', 116, 5),
(587, 469, 'alt2.aspmx.l.google.com', '142.250.27.27', 22, 5),
(588, 469, 'alt3.aspmx.l.google.com', '142.250.153.26', 117, 10),
(589, 469, 'alt4.aspmx.l.google.com', '142.251.9.26', 106, 10),
(590, 470, 'mx-vip-01.uni5.net', '191.6.220.38', 184, 5),
(591, 470, 'mx-vip-02.uni5.net', '191.6.220.39', 185, 5),
(592, 471, 'mx.b.locaweb.com.br', '177.153.23.242', 85, 10),
(593, 471, 'mx.core.locaweb.com.br', '177.153.23.241', 99, 10),
(594, 471, 'mx.a.locaweb.com.br', '186.202.4.42', 86, 20),
(595, 471, 'mx.jk.locaweb.com.br', '200.234.204.130', 87, 20),
(596, 472, 'crtr14-gov-br.mail.protection.outlook.com', '52.101.11.3', 28, 0),
(597, 473, 'mx1.ntshs.net', '63.143.34.92', 186, 10),
(598, 473, 'mail.crtr17.gov.br', '74.63.210.132', 187, 10),
(599, 473, 'mx2.ntshs.net', '216.245.220.55', 188, 20),
(600, 474, 'mx.b.locaweb.com.br', '177.153.23.242', 85, 10),
(601, 474, 'mx.core.locaweb.com.br', '177.153.23.241', 99, 10),
(602, 474, 'mx.a.locaweb.com.br', '186.202.4.42', 86, 20),
(603, 474, 'mx.jk.locaweb.com.br', '200.234.204.130', 87, 20),
(604, 475, 'smtpvin1.f1.k8.com.br', '187.73.32.162', 189, 10),
(605, 476, 'mx.core.locaweb.com.br', '177.153.23.241', 99, 10),
(606, 476, 'mx.a.locaweb.com.br', '186.202.4.42', 86, 20),
(607, 476, 'mx.b.locaweb.com.br', '177.153.23.242', 85, 20),
(608, 476, 'mx.jk.locaweb.com.br', '200.234.204.130', 87, 20),
(609, 477, 'aspmx.l.google.com', '142.251.0.26', 115, 1),
(610, 477, 'alt1.aspmx.l.google.com', '64.233.184.26', 116, 5),
(611, 477, 'alt2.aspmx.l.google.com', '142.250.27.27', 22, 5),
(612, 477, 'alt3.aspmx.l.google.com', '142.250.153.26', 117, 10),
(613, 477, 'alt4.aspmx.l.google.com', '142.251.9.26', 106, 10),
(614, 478, 'mail.crtrpe.gov.br', '192.185.213.13', 190, 0),
(615, 479, 'antispam2.llevon.com.br', '187.0.205.39', 191, 10),
(616, 479, 'mail.crtrrj.gov.br', '187.0.205.22', 167, 20),
(617, 479, 'h01r12.llevon.com.br', '187.0.205.22', 167, 50),
(618, 480, 'mail.crtsp.gov.br', '138.122.95.55', 192, 10),
(619, 484, 'teresopolis.cti.gov.br', '200.144.113.17', 97, 10),
(620, 485, 'luminol.ctir.gov.br', '200.160.7.164', 193, 5),
(621, 486, 'cultura-gov-br.mail.protection.outlook.com', '52.101.10.10', 194, 0),
(622, 488, 'cvm-gov-br.mail.protection.outlook.com', '52.101.10.2', 107, 0),
(623, 490, 'protection.serpro.gov.br', '161.148.50.251', 39, 10),
(624, 492, 'dataprev-gov-br.mail.protection.outlook.com', '52.101.40.24', 42, 5),
(625, 492, 'smtp2.dataprev.gov.br', '200.152.39.40', 195, 10),
(626, 492, 'mailint.dataprev.gov.br', '200.152.35.47', 196, 10),
(627, 493, 'azulao.datasus.gov.br', '189.28.143.94', 197, 10),
(628, 493, 'falcao.datasus.gov.br', '189.28.143.170', 198, 20),
(629, 494, 'decea-gov-br.mail.protection.outlook.com', '52.101.41.28', 199, 5),
(630, 495, 'silicio.defesa.gov.br', '200.198.192.140', 200, 5),
(631, 496, 'mx1.defesacivil.gov.br', '200.198.213.91', 201, 10),
(632, 496, 'mx2.defesacivil.gov.br', '200.198.213.92', 202, 10),
(633, 497, 'defesadoconsumidor-gov-br.mail.protection.outlook.com', '52.101.10.12', 45, 10),
(634, 497, 'piaget00.mj.gov.br', '189.9.0.101', 132, 11),
(635, 500, 'souzinha1.camara.gov.br', '200.219.133.161', 64, 10),
(636, 500, 'souzinha2.camara.gov.br', '200.219.133.162', 65, 10),
(637, 500, 'souzinha3.camara.gov.br', '200.219.133.163', 66, 10),
(638, 505, 'smtp-serpro01.mds.gov.br', '200.198.205.29', 59, 10),
(639, 505, 'smtp-serpro02.mds.gov.br', '200.198.205.30', 60, 10),
(640, 506, 'smtp053.gdfnet.df.gov.br', '131.72.222.253', 52, 5),
(641, 506, 'smtp054.gdfnet.df.gov.br', '131.72.222.254', 53, 5),
(642, 506, 'smtp051.gdfnet.df.gov.br', '131.72.221.51', 54, 15),
(643, 507, 'esa01.presidencia.gov.br', '170.246.255.51', 50, 5),
(644, 507, 'esa02.presidencia.gov.br', '170.246.255.52', 51, 10),
(645, 508, 'esa01.presidencia.gov.br', '170.246.255.51', 50, 5),
(646, 508, 'esa02.presidencia.gov.br', '170.246.255.52', 51, 10),
(647, 516, 'mailing.direitoshumanos.gov.br', '189.9.36.187', 203, 10),
(648, 520, 'dc02-dnit-mx02.mlicloud.com', '186.227.197.44', 204, 10),
(649, 520, 'dc03-dnit-mx01.mlicloud.com', '187.45.189.84', 205, 10),
(650, 521, 'smtp.dnocs.gov.br', '177.14.224.152', 206, 5),
(651, 521, 'webmail.dnocs.gov.br', '177.14.224.156', 207, 10),
(652, 521, 'd01ls029v.dnocs.gov.br', '177.14.224.151', 208, 30),
(653, 522, 'dnpm-pe.gov.br', '208.115.238.130', 209, 0),
(654, 523, 'dnpm-gov-br.mail.protection.outlook.com', '52.101.10.1', 69, 10),
(655, 525, 'dominiopublico-gov-br.mail.protection.outlook.com', '52.101.42.18', 29, 0),
(656, 527, 'dpf-gov-br.mail.protection.outlook.com', '52.101.41.58', 210, 1),
(657, 528, 'mailmx.abc.gov.br', '201.36.109.91', 56, 10),
(658, 531, 'mx01.abin.gov.br', '200.198.220.7', 5, 10),
(659, 531, 'mx02.abin.gov.br', '200.198.220.17', 6, 10),
(660, 541, 'ssmtp002.pr.gov.br', NULL, NULL, 0),
(661, 541, 'smtp.pr.gov.br', NULL, NULL, 10),
(662, 545, 'relayone.serpro.gov.br', '161.148.173.216', 211, 10),
(663, 546, 'email.eafmachado.gov.br', '200.131.10.42', 212, 10),
(664, 548, 'mx-caprica.zoneedit.com', '64.68.198.24', 213, 0),
(665, 550, 'ebserh-gov-br.mail.protection.outlook.com', '52.101.11.9', 112, 0),
(666, 552, 'dc02-economia-mx01.mlicloud.com', '186.227.197.37', 122, 10),
(667, 552, 'dc02-economia-mx02.mlicloud.com', '187.45.183.227', 123, 10),
(668, 552, 'economia-mx-balancer.mlicloud.com', '187.108.197.247', 214, 10),
(669, 556, 'educacao-gov-br.mail.protection.outlook.com', '52.101.42.10', 79, 0),
(670, 561, 'deedee.tse.gov.br', NULL, NULL, 5),
(671, 561, 'dexter.tse.gov.br', NULL, NULL, 10),
(672, 562, 'mxa-007a2802.gslb.pphosted.com', '148.163.146.14', 104, 10),
(673, 562, 'mxb-007a2802.gslb.pphosted.com', '148.163.143.246', 105, 10),
(674, 564, 'mxa-007a2802.gslb.pphosted.com', '148.163.146.14', 104, 10),
(675, 564, 'mxb-007a2802.gslb.pphosted.com', '148.163.143.246', 105, 10),
(676, 565, 'asetn01.eletronuclear.gov.br', '187.16.71.206', 215, 5),
(677, 565, 'asetn02.eletronuclear.gov.br', '187.95.42.141', 216, 5),
(678, 567, 'mxa-007a2802.gslb.pphosted.com', '148.163.146.14', 104, 10),
(679, 567, 'mxb-007a2802.gslb.pphosted.com', '148.163.143.246', 105, 10),
(680, 569, 'mx.embratur.gov.br', NULL, NULL, 5),
(681, 569, 'mx2.embratur.gov.br', NULL, NULL, 10),
(682, 570, 'aruba.emgea.gov.br', '187.32.152.73', 217, 10),
(683, 571, 'mx1.emgepron.gov.br', '187.29.162.15', 25, 9),
(684, 571, 'mx3.emgepron.gov.br', '187.29.162.14', 26, 9),
(685, 571, 'mx4.emgepron.gov.br', '187.29.11.36', 27, 9),
(686, 572, 'smtp.google.com', '64.233.186.26', 218, 1),
(687, 576, 'enap-gov-br.mail.protection.outlook.com', '52.101.41.54', 170, 0),
(688, 577, 'enbpar-gov-br.mail.protection.outlook.com', '52.101.198.38', 219, 0),
(689, 581, 'ensaiosclinicos.gov.br', '140.82.26.58', 220, 10),
(690, 585, 'epl-gov-br.mail.protection.outlook.com', '52.101.10.16', 221, 0),
(691, 593, 'gw1.correio.es.gov.br', '201.62.44.139', 222, 10),
(692, 593, 'gw2.correio.es.gov.br', '201.62.44.16', 223, 10),
(693, 595, 'mailmtb.escoladotrabalhador.gov.br', '200.130.15.217', 224, 10),
(694, 597, 'mail.esd.gov.br', '200.17.1.129', 225, 10),
(695, 600, 'protection.serpro.gov.br', '161.148.50.251', 39, 0),
(696, 601, 'esporte-gov-br.mail.protection.outlook.com', '52.101.10.10', 194, 0),
(697, 609, 'relay.mdic.gov.br', NULL, NULL, 10),
(698, 609, 'smtp2.mdic.gov.br', NULL, NULL, 15),
(699, 610, 'relay.mdic.gov.br', NULL, NULL, 10),
(700, 610, 'smtp2.mdic.gov.br', NULL, NULL, 15),
(701, 611, 'mailscan-in.serpro.gov.br', '161.148.21.200', 46, 10),
(702, 612, 'mail7.fab.gov.br', NULL, NULL, 10),
(703, 615, 'mx1.mte.gov.br', NULL, NULL, 10),
(704, 615, 'mx2.mte.gov.br', NULL, NULL, 20),
(705, 616, 'mte-mx03.mlicloud.com', '187.108.197.246', 120, 0),
(706, 616, 'mte-mx04.mlicloud.com', '187.108.197.187', 121, 0),
(707, 616, 'dc02-economia-mx01.mlicloud.com', '186.227.197.37', 122, 0),
(708, 616, 'dc02-economia-mx02.mlicloud.com', '187.45.183.227', 123, 0),
(709, 623, 'e2c3358fd45147b663d5a538f5f9fb.mail.outlook.com', '52.101.10.18', 226, 10),
(710, 625, 'finep-gov-br.mail.protection.outlook.com', '52.101.198.38', 219, 10),
(711, 627, 'florestal2023-mail-onmicrosoft-com.mail.protection.outlook.com', '52.101.200.0', 1, 0),
(712, 628, 'fnde-gov-br.mail.protection.outlook.com', '52.101.42.6', 67, 0),
(713, 631, 'smtp-serpro.mds.gov.br', NULL, NULL, 10),
(714, 639, 'funag-gov-br.mail.protection.outlook.com', '52.101.198.0', 35, 0),
(715, 640, 'funai-gov-br.mail.protection.outlook.com', '52.101.8.46', 227, 0),
(716, 640, 'smtp1.funai.gov.br', '189.9.55.11', 228, 5),
(717, 640, 'smtp2.funai.gov.br', '189.9.55.12', 229, 5),
(718, 640, 'primary.us.email.fireeyecloud.com', '34.223.36.122', 230, 10),
(719, 640, 'alt1.us.email.fireeyecloud.com', '34.223.36.121', 231, 20),
(720, 640, 'alt2.us.email.fireeyecloud.com', '3.93.93.52', 232, 30),
(721, 640, 'alt3.us.email.fireeyecloud.com', '34.223.36.123', 233, 40),
(722, 641, 'funarte-gov-br.mail.protection.outlook.com', '52.101.198.38', 219, 0),
(723, 642, 'funasa.in.tmes.trendmicro.com', '18.208.22.77', 30, 5),
(724, 643, 'fundacentro-gov-br.mail.protection.outlook.com', '52.101.41.56', 77, 0),
(725, 644, 'aspmx.l.google.com', '142.250.0.26', 234, 1),
(726, 644, 'alt1.aspmx.l.google.com', '64.233.184.27', 21, 5),
(727, 644, 'alt2.aspmx.l.google.com', '142.250.27.26', 61, 5),
(728, 644, 'alt3.aspmx.l.google.com', '142.250.153.27', 23, 10),
(729, 644, 'alt4.aspmx.l.google.com', '142.251.9.26', 106, 10),
(730, 646, 'fundoamazonia-gov-br.mail.protection.outlook.com', '52.101.198.38', 219, 0),
(731, 648, 'mx.funpresp.gov.br', '54.233.169.182', 235, 0),
(732, 650, 'protection.serpro.gov.br', '161.148.50.251', 39, 0),
(733, 651, 'smtp053.gdfnet.df.gov.br', '131.72.222.253', 52, 5),
(734, 651, 'smtp054.gdfnet.df.gov.br', '131.72.222.254', 53, 10),
(735, 651, 'smtp051.gdfnet.df.gov.br', '131.72.221.51', 54, 15),
(736, 654, 'mte-mx03.mlicloud.com', '187.108.197.246', 120, 10),
(737, 654, 'mte-mx04.mlicloud.com', '187.108.197.187', 121, 10),
(738, 654, 'dc02-economia-mx01.mlicloud.com', '186.227.197.37', 122, 10),
(739, 654, 'dc02-economia-mx02.mlicloud.com', '187.45.183.227', 123, 10),
(740, 658, 'mailinspector-goias.lb.go.gov.br', '45.183.244.63', 236, 0),
(741, 659, 'goias-gov-br.mail.protection.outlook.com', '52.101.10.5', 237, 0),
(742, 659, 'mta1.go.gov.br', '45.183.244.45', 238, 50),
(743, 662, 'esa01.presidencia.gov.br', '170.246.255.51', 50, 5),
(744, 662, 'esa02.presidencia.gov.br', '170.246.255.52', 51, 10),
(745, 665, 'protection.serpro.gov.br', '161.148.50.251', 39, 0),
(746, 666, 'esa01.presidencia.gov.br', '170.246.255.51', 50, 5),
(747, 666, 'esa02.presidencia.gov.br', '170.246.255.52', 51, 10),
(748, 669, 'srvwsbrexet01.hemobras.gov.br', '177.221.45.30', 239, 10),
(749, 674, 'ibama-gov-br.mail.protection.outlook.com', '52.101.10.12', 45, 5),
(750, 675, 'aspmx.l.google.com', '142.250.0.26', 234, 1),
(751, 675, 'alt1.aspmx.l.google.com', '64.233.184.27', 21, 5),
(752, 675, 'alt2.aspmx.l.google.com', '142.250.27.26', 61, 5),
(753, 675, 'alt3.aspmx.l.google.com', '142.250.153.27', 23, 10),
(754, 675, 'alt4.aspmx.l.google.com', '142.251.9.26', 106, 10),
(755, 676, 'ibge-gov-br.mail.protection.outlook.com', '52.101.41.6', 240, 5),
(756, 677, 'ibram07.ibram.gov.br', '177.69.150.181', 241, 10),
(757, 678, 'aspmx.l.google.com', '142.250.0.26', 234, 10),
(758, 678, 'alt1.aspmx.l.google.com', '64.233.184.27', 21, 20),
(759, 678, 'alt2.aspmx.l.google.com', '142.250.27.26', 61, 20),
(760, 678, 'aspmx2.googlemail.com', '64.233.184.27', 21, 30),
(761, 678, 'aspmx3.googlemail.com', '142.250.27.27', 22, 30),
(762, 678, 'aspmx4.googlemail.com', '142.250.153.26', 117, 30),
(763, 678, 'aspmx5.googlemail.com', '142.251.9.27', 24, 30),
(764, 680, 'icmbio-gov-br.mail.protection.outlook.com', '52.101.40.4', 80, 0),
(765, 681, 'mx.icpbrasil.gov.br', '200.130.30.6', 9, 1),
(766, 681, 'mx.acraiz.gov.br', '200.130.30.6', 9, 5),
(767, 682, 'mail.iec.gov.br', '200.139.9.101', 242, 5),
(768, 683, 'ien-gov-br.mail.protection.outlook.com', '52.101.198.1', 4, 0),
(769, 685, 'mdh.in.tmes.trendmicro.com', '18.208.22.77', 30, 0),
(770, 687, 'relay.eb.mil.br', '177.8.81.216', 243, 10),
(771, 687, 'relay2.eb.mil.br', '177.8.81.217', 244, 10),
(772, 690, 'sol-01.inb.gov.br', '201.87.145.140', 245, 5),
(773, 690, 'sol-02.inb.gov.br', '189.127.82.76', 246, 10),
(774, 691, 'smtp.google.com', '64.233.186.26', 218, 1),
(775, 691, 'srvgw02.inca.gov.br', '200.33.96.13', 247, 15),
(776, 693, 'incra-gov-br.mail.protection.outlook.com', '52.101.8.42', 31, 10),
(777, 694, 'inde-gov-br.mail.protection.outlook.com', '52.101.194.15', 248, 5),
(778, 696, 'mx01.inep.gov.br', '200.130.24.115', 249, 10),
(779, 696, 'mx02.inep.gov.br', '200.130.24.116', 250, 10),
(780, 696, 'relay.inep.gov.br', '200.130.24.121', 251, 100),
(781, 697, 'aspmx.l.google.com', '142.250.0.26', 234, 1),
(782, 697, 'alt1.aspmx.l.google.com', '64.233.184.27', 21, 5),
(783, 697, 'alt2.aspmx.l.google.com', '142.250.27.26', 61, 5),
(784, 697, 'alt3.aspmx.l.google.com', '142.250.153.27', 23, 10),
(785, 697, 'alt4.aspmx.l.google.com', '142.251.9.26', 106, 10),
(786, 703, 'piaget00.mj.gov.br', '189.9.0.101', 132, 1),
(787, 703, 'piaget.mj.gov.br', '189.9.0.101', 132, 10),
(788, 703, 'maine.mj.gov.br', '189.9.0.101', 132, 20),
(789, 705, 'mail.infraero.gov.br', '45.171.50.29', 11, 0),
(790, 708, 'infrasa-gov-br.mail.protection.outlook.com', '52.101.11.15', 63, 10),
(791, 710, 'aspmx.l.google.com', '142.250.0.26', 234, 1),
(792, 710, 'alt1.aspmx.l.google.com', '64.233.184.27', 21, 5),
(793, 710, 'alt2.aspmx.l.google.com', '142.250.27.26', 61, 5),
(794, 710, 'alt3.aspmx.l.google.com', '142.250.153.27', 23, 10),
(795, 710, 'alt4.aspmx.l.google.com', '142.251.9.26', 106, 10),
(796, 711, 'inmet-gov-br.mail.protection.outlook.com', '52.101.198.1', 4, 0),
(797, 712, 'ksmg.inmetro.gov.br', '200.20.212.42', 252, 10),
(798, 713, 'ksmg.inmetrogo.gov.br', '200.20.212.41', 253, 10),
(799, 715, 'mailserver.inpa.gov.br', '200.17.53.9', 254, 10),
(800, 716, 'smtp.inpi.gov.br', '168.90.175.156', 255, 20),
(801, 717, 'aspmx.l.google.com', '142.250.0.26', 234, 1);
INSERT INTO `mx_records` (`id`, `dominio_id`, `mx_record`, `ip`, `localizacao_id`, `prioridade`) VALUES
(802, 717, 'alt1.aspmx.l.google.com', '64.233.184.27', 21, 5),
(803, 717, 'alt2.aspmx.l.google.com', '142.250.27.26', 61, 5),
(804, 717, 'alt3.aspmx.l.google.com', '142.250.153.27', 23, 10),
(805, 717, 'alt4.aspmx.l.google.com', '142.251.9.26', 106, 10),
(806, 718, 'aspmx.l.google.com', '142.250.0.26', 234, 1),
(807, 718, 'alt1.aspmx.l.google.com', '64.233.184.27', 21, 2),
(808, 718, 'alt2.aspmx.l.google.com', '142.250.27.26', 61, 3),
(809, 718, 'alt3.aspmx.l.google.com', '142.250.153.27', 23, 4),
(810, 718, 'alt4.aspmx.l.google.com', '142.251.9.26', 106, 5),
(811, 719, 'inss-gov-br.mail.protection.outlook.com', '52.101.41.3', 3, 10),
(812, 721, 'mailscan-in.serpro.gov.br', '161.148.21.200', 46, 0),
(813, 722, 'aspmx.l.google.com', '142.250.0.26', 234, 1),
(814, 722, 'alt1.aspmx.l.google.com', '64.233.184.27', 21, 5),
(815, 722, 'alt2.aspmx.l.google.com', '142.250.27.26', 61, 5),
(816, 722, 'alt3.aspmx.l.google.com', '142.250.153.27', 23, 10),
(817, 722, 'alt4.aspmx.l.google.com', '142.251.9.26', 106, 10),
(818, 723, 'dcse-23.int.gov.br', '200.20.196.22', 256, 0),
(819, 724, 'integracao-gov-br.mail.protection.outlook.com', '52.101.41.54', 170, 0),
(820, 725, 'naumailmtain1.interlegis.leg.br', '201.54.51.144', 257, 10),
(821, 725, 'naumailmtain2.interlegis.leg.br', '201.54.51.145', 258, 10),
(822, 725, 'naumailmtain3.interlegis.leg.br', '201.54.51.147', 259, 10),
(823, 735, 'ssmtp002.pr.gov.br', NULL, NULL, 5),
(824, 735, 'ssmtp003.pr.gov.br', NULL, NULL, 5),
(825, 735, 'smtp.pr.gov.br', NULL, NULL, 20),
(826, 736, 'ipea-gov-br.mail.protection.outlook.com', '52.101.11.10', 10, 10),
(827, 737, 'mailmaster4.ipea.gov.br', '45.171.102.3', 260, 10),
(828, 738, 'iphan-gov-br.mail.protection.outlook.com', '52.101.42.10', 79, 0),
(829, 740, 'ipsm-gov-br.mail.protection.outlook.com', '52.101.9.0', 261, 0),
(830, 741, 'caxias.irbbrasilre.com', '200.214.65.150', 57, 10),
(831, 741, 'tijuca.irbbrasilre.com', '189.125.177.216', 58, 10),
(832, 742, 'caxias.irbbrasilre.com', '200.214.65.150', 57, 10),
(833, 742, 'tijuca.irbbrasilre.com', '189.125.177.216', 58, 10),
(834, 743, 'caxias.irbbrasilre.com', '200.214.65.150', 57, 10),
(835, 743, 'tijuca.irbbrasilre.com', '189.125.177.216', 58, 10),
(836, 744, 'ird-gov-br.mail.protection.outlook.com', '52.101.198.0', 35, 0),
(837, 745, 'itaipu-gov-br.mail.protection.outlook.com', '52.101.198.0', 35, 5),
(838, 746, 'itamaraty-gov-br.mail.protection.outlook.com', '52.101.198.38', 219, 0),
(839, 747, 'iti-gov-br.mail.protection.outlook.com', '52.101.10.5', 237, 0),
(840, 748, 'aspmx.l.google.com', '142.250.0.26', 234, 1),
(841, 748, 'alt1.aspmx.l.google.com', '64.233.184.27', 21, 5),
(842, 748, 'alt2.aspmx.l.google.com', '142.250.27.26', 61, 5),
(843, 748, 'alt3.aspmx.l.google.com', '142.250.153.27', 23, 10),
(844, 748, 'alt4.aspmx.l.google.com', '142.251.9.26', 106, 10),
(845, 754, 'jfce-gov-br.mail.protection.outlook.com', '52.101.198.38', 219, 0),
(846, 756, 'mail.jfes.gov.br', '187.73.237.197', 262, 10),
(847, 761, 'mx.jfrj.jus.br', '177.223.208.15', 263, 0),
(848, 761, 'mx.trf2.jus.br', '201.48.221.24', 264, 0),
(849, 762, 'ironport.jfrn.gov.br', '45.178.243.130', 265, 0),
(850, 763, 'mx1.jfrs.gov.br', '168.194.28.13', 266, 5),
(851, 763, 'mx2.jfrs.gov.br', '168.194.28.14', 267, 5),
(852, 771, 'mx.justicafederal.gov.br', '201.49.156.78', 268, 10),
(853, 789, 'mx1.srvmail.ma.gov.br', '181.191.91.198', 269, 5),
(854, 791, 'maismedicos-gov-br.mail.protection.outlook.com', NULL, NULL, 0),
(855, 796, 'mcom-gov-br.mail.protection.outlook.com', '52.101.40.24', 42, 0),
(856, 797, 'mcti-gov-br.mail.protection.outlook.com', '52.101.198.1', 4, 5),
(857, 798, 'mx1.mctic.gov.br', '200.130.9.21', 270, 10),
(858, 798, 'mx2.mctic.gov.br', '200.130.9.22', 271, 10),
(859, 799, 'cluster1.us.messagelabs.com', '67.219.246.210', 272, 10),
(860, 799, 'cluster1a.us.messagelabs.com', '52.207.128.88', 13, 20),
(861, 800, 'mdh.in.tmes.trendmicro.com', '18.208.22.77', 30, 0),
(862, 801, 'mte-mx03.mlicloud.com', '187.108.197.246', 120, 10),
(863, 801, 'mte-mx04.mlicloud.com', '187.108.197.187', 121, 10),
(864, 801, 'dc02-economia-mx01.mlicloud.com', '186.227.197.37', 122, 10),
(865, 801, 'dc02-economia-mx02.mlicloud.com', '187.45.183.227', 123, 10),
(866, 802, 'mdr-gov-br.mail.protection.outlook.com', '52.101.41.21', 131, 0),
(867, 803, 'mds-gov-br.mail.protection.outlook.com', '52.101.41.54', 170, 0),
(868, 804, 'mec-gov-br.mail.protection.outlook.com', '52.101.9.14', 62, 0),
(869, 809, 'mte-mx03.mlicloud.com', '187.108.197.246', 120, 10),
(870, 809, 'mte-mx04.mlicloud.com', '187.108.197.187', 121, 10),
(871, 809, 'dc02-economia-mx01.mlicloud.com', '186.227.197.37', 122, 10),
(872, 809, 'dc02-economia-mx02.mlicloud.com', '187.45.183.227', 123, 10),
(873, 812, 'mailmaster4.ipea.gov.br', '45.171.102.3', 260, 10),
(874, 815, 'mx1.antispammg.mg.gov.br', '200.198.4.121', 273, 1),
(875, 815, 'mx2.antispammg.mg.gov.br', '200.198.4.122', 274, 1),
(876, 815, 'mx3.antispammg.mg.gov.br', '200.198.4.53', 275, 1),
(877, 816, 'mx1.mi.gov.br', '189.9.36.197', 276, 10),
(878, 816, 'mx2.mi.gov.br', '189.9.36.196', 277, 10),
(879, 818, 'maine.mj.gov.br', '189.9.0.101', 132, 10),
(880, 818, 'piaget.mj.gov.br', '189.9.0.101', 132, 20),
(881, 820, 'mj-gov-br.mail.protection.outlook.com', '52.101.11.15', 63, 0),
(882, 821, 'mx.core.locaweb.com.br', '177.153.23.241', 99, 10),
(883, 821, 'mx.a.locaweb.com.br', '186.202.4.42', 86, 20),
(884, 821, 'mx.b.locaweb.com.br', '177.153.23.242', 85, 20),
(885, 821, 'mx.jk.locaweb.com.br', '200.234.204.130', 87, 20),
(886, 822, 'mma-gov-br.mail.protection.outlook.com', '52.101.42.9', 278, 0),
(887, 822, 'mail01.mma.gov.br', '45.231.205.19', 279, 10),
(888, 822, 'mail.mma.gov.br', '45.231.205.18', 280, 100),
(889, 823, 'correio2.mme.gov.br', '200.9.252.142', 281, 10),
(890, 823, 'mail.mme.gov.br', '200.9.252.22', 282, 20),
(891, 828, 'cluster1.us.messagelabs.com', '67.219.246.210', 272, 10),
(892, 828, 'cluster1a.us.messagelabs.com', '52.207.128.88', 13, 20),
(893, 831, 'smtp01.mpes.gov.br', '45.178.242.41', 283, 10),
(894, 832, 'smtp1.mpu.gov.br', NULL, NULL, 5),
(895, 832, 'smtp2.mpu.gov.br', NULL, NULL, 5),
(896, 834, 'mpor-gov-br.mail.protection.outlook.com', '52.101.8.34', 40, 10),
(897, 835, 'cioba.previdencia.gov.br', '200.152.40.101', 284, 10),
(898, 837, 'smtp1.mpu.mp.br', '200.142.1.39', 285, 5),
(899, 837, 'smtp2.mpu.mp.br', NULL, NULL, 5),
(900, 838, 'mailmx.mre.gov.br', '189.85.94.116', 286, 10),
(901, 839, 'snwl.ms.gov.br', '187.86.226.146', 287, 10),
(902, 840, 'piaget00.mj.gov.br', '189.9.0.101', 132, 1),
(903, 841, 'aspmx.l.google.com', '142.250.0.26', 234, 1),
(904, 841, 'alt1.aspmx.l.google.com', '64.233.184.27', 21, 5),
(905, 841, 'alt2.aspmx.l.google.com', '142.250.27.26', 61, 5),
(906, 841, 'alt3.aspmx.l.google.com', '142.250.153.27', 23, 10),
(907, 841, 'alt4.aspmx.l.google.com', '142.251.9.26', 106, 10),
(908, 842, 'mte-mx03.mlicloud.com', '187.108.197.246', 120, 10),
(909, 842, 'mte-mx04.mlicloud.com', '187.108.197.187', 121, 10),
(910, 842, 'dc02-economia-mx01.mlicloud.com', '186.227.197.37', 122, 10),
(911, 842, 'dc02-economia-mx02.mlicloud.com', '187.45.183.227', 123, 10),
(912, 844, 'mte-mx03.mlicloud.com', '187.108.197.246', 120, 10),
(913, 844, 'mte-mx04.mlicloud.com', '187.108.197.187', 121, 10),
(914, 844, 'dc02-economia-mx01.mlicloud.com', '186.227.197.37', 122, 10),
(915, 844, 'dc02-economia-mx02.mlicloud.com', '187.45.183.227', 123, 10),
(916, 845, 'mx1.mte.gov.br', NULL, NULL, 10),
(917, 845, 'mx2.mte.gov.br', NULL, NULL, 20),
(918, 847, 'mdh.in.tmes.trendmicro.com', '18.208.22.80', 288, 0),
(919, 850, 'mx.a.locaweb.com.br', '186.202.4.42', 86, 10),
(920, 850, 'mx.b.locaweb.com.br', '177.153.23.242', 85, 10),
(921, 850, 'mx.jk.locaweb.com.br', '200.234.204.130', 87, 20),
(922, 851, 'museudoindio-gov-br.mail.protection.outlook.com', '52.101.9.17', 2, 0),
(923, 852, 'museus-gov-br.mail.protection.outlook.com', '52.101.8.42', 31, 0),
(924, 853, 'navbrasil-gov-br.mail.protection.outlook.com', '52.101.198.0', 35, 0),
(925, 854, 'smtp1.nbr.gov.br', '189.9.0.12', 289, 10),
(926, 858, 'mail.niteroi-artes.gov.br', '192.185.221.155', 290, 0),
(927, 865, 'srvras.nuclebras.gov.br', '201.57.65.226', 291, 10),
(928, 866, 'nuclep-gov-br.mail.protection.outlook.com', '52.101.10.16', 221, 0),
(929, 869, 'jacaranda.apps.ibict.br', NULL, NULL, 1),
(930, 881, 'colab-antispam-01.pa.gov.br', '177.74.3.71', 292, 10),
(931, 881, 'colab-antispam-02.pa.gov.br', '177.74.3.72', 293, 10),
(932, 881, 'colab-antispam-03.pa.gov.br', '177.74.3.73', 294, 10),
(933, 885, 'webmail.palmares.gov.br', '200.198.213.137', 295, 0),
(934, 885, 'mx1.palmares.gov.br', '200.198.213.135', 296, 5),
(935, 885, 'mx2.palmares.gov.br', '200.198.213.137', 295, 10),
(936, 885, 'mx3.palmares.gov.br', '209.126.109.83', 297, 11),
(937, 888, 'esa01.presidencia.gov.br', '170.246.255.51', 50, 5),
(938, 888, 'esa02.presidencia.gov.br', '170.246.255.52', 51, 10),
(939, 892, 'mx1.pb.gov.br', '138.185.34.4', 298, 100),
(940, 892, 'mx2.pb.gov.br', '138.185.34.5', 299, 100),
(941, 893, 'aspmx.l.google.com', '142.251.0.27', 300, 10),
(942, 893, 'alt1.aspmx.l.google.com', '64.233.184.27', 21, 20),
(943, 893, 'alt2.aspmx.l.google.com', '142.250.27.27', 22, 20),
(944, 893, 'aspmx2.googlemail.com', '64.233.184.27', 21, 30),
(945, 893, 'aspmx3.googlemail.com', '142.250.27.27', 22, 30),
(946, 893, 'aspmx4.googlemail.com', '142.250.153.27', 23, 30),
(947, 893, 'aspmx5.googlemail.com', '142.251.9.27', 24, 30),
(948, 894, 'asmail.peconectado.pe.gov.br', '200.238.64.78', 301, 0),
(949, 902, 'pf-gov-br.mail.protection.outlook.com', '52.101.10.10', 194, 1),
(950, 903, 'aspmx.l.google.com', '142.251.0.27', 300, 1),
(951, 903, 'alt1.aspmx.l.google.com', '64.233.184.27', 21, 5),
(952, 903, 'alt2.aspmx.l.google.com', '142.250.27.27', 22, 5),
(953, 903, 'alt3.aspmx.l.google.com', '142.250.153.26', 117, 10),
(954, 903, 'alt4.aspmx.l.google.com', '142.251.9.27', 24, 10),
(955, 906, 'zmta.pi.gov.br', '200.23.153.156', 302, 0),
(956, 908, 'esa01.presidencia.gov.br', '170.246.255.51', 50, 5),
(957, 908, 'esa02.presidencia.gov.br', '170.246.255.52', 51, 10),
(958, 909, 'mte-mx03.mlicloud.com', '187.108.197.246', 120, 10),
(959, 909, 'mte-mx04.mlicloud.com', '187.108.197.187', 121, 10),
(960, 909, 'dc02-economia-mx01.mlicloud.com', '186.227.197.37', 122, 10),
(961, 909, 'dc02-economia-mx02.mlicloud.com', '187.45.183.227', 123, 10),
(962, 913, 'souzinha1.camara.gov.br', '200.219.133.161', 64, 10),
(963, 913, 'souzinha2.camara.gov.br', '200.219.133.162', 65, 10),
(964, 913, 'souzinha3.camara.gov.br', '200.219.133.163', 66, 10),
(965, 917, 'protection.serpro.gov.br', '161.148.50.251', 39, 10),
(966, 922, 'aspmx.l.google.com', '64.233.186.27', 20, 1),
(967, 922, 'alt1.aspmx.l.google.com', '64.233.184.27', 21, 5),
(968, 922, 'alt2.aspmx.l.google.com', '142.250.27.27', 22, 5),
(969, 922, 'alt3.aspmx.l.google.com', '142.250.153.26', 117, 10),
(970, 922, 'alt4.aspmx.l.google.com', '142.251.9.27', 24, 10),
(971, 924, 'sucuri.snisb.gov.br', '177.15.65.152', 83, 10),
(972, 924, 'bonito.snisb.gov.br', '177.15.65.189', 84, 50),
(973, 926, 'mailmx2.portaldoconsumidor.gov.br', NULL, NULL, 5),
(974, 937, 'portodesantos-gov-br.mail.protection.outlook.com', '52.101.11.2', 76, 0),
(975, 938, 'portodevitoria.gov.br', '177.39.234.157', 303, 10),
(976, 940, 'portosrio-gov-br.mail.protection.outlook.com', '52.101.9.17', 2, 0),
(977, 942, 'mte-mx03.mlicloud.com', '187.108.197.246', 120, 10),
(978, 942, 'mte-mx04.mlicloud.com', '187.108.197.187', 121, 10),
(979, 942, 'dc02-economia-mx01.mlicloud.com', '186.227.197.37', 122, 10),
(980, 942, 'dc02-economia-mx02.mlicloud.com', '187.45.183.227', 123, 10),
(981, 944, 'ppsa-gov-br.mail.protection.outlook.com', '52.101.41.6', 240, 0),
(982, 945, 'smtp01.pr.gov.br', '200.189.123.155', 94, 5),
(983, 945, 'smtp02.pr.gov.br', '200.189.123.155', 94, 5),
(984, 945, 'smtp03.pr.gov.br', '200.189.123.155', 94, 5),
(985, 945, 'smtp04.pr.gov.br', '200.189.123.155', 94, 5),
(986, 945, 'smtp05.pr.gov.br', '200.189.123.155', 94, 5),
(987, 949, 'mx1.hc5664-24.iphmx.com', '68.232.148.130', 304, 10),
(988, 949, 'mx2.hc5664-24.iphmx.com', '68.232.148.130', 304, 10),
(989, 951, 'presalpetroleo-gov-br.mail.protection.outlook.com', '52.101.40.2', 37, 0),
(990, 952, 'esa01.presidencia.gov.br', '170.246.255.51', 50, 5),
(991, 952, 'esa02.presidencia.gov.br', '170.246.255.52', 51, 10),
(992, 953, 'previc-gov-br.mail.protection.outlook.com', '52.101.200.0', 1, 0),
(993, 954, 'mte-mx03.mlicloud.com', '187.108.197.246', 120, 10),
(994, 954, 'mte-mx04.mlicloud.com', '187.108.197.187', 121, 10),
(995, 954, 'dc02-economia-mx01.mlicloud.com', '186.227.197.37', 122, 10),
(996, 954, 'dc02-economia-mx02.mlicloud.com', '187.45.183.227', 123, 10),
(997, 956, 'aspmx.l.google.com', '64.233.186.27', 20, 1),
(998, 956, 'alt1.aspmx.l.google.com', '64.233.184.27', 21, 5),
(999, 956, 'alt2.aspmx.l.google.com', '142.250.27.27', 22, 5),
(1000, 956, 'alt3.aspmx.l.google.com', '142.250.153.26', 117, 10),
(1001, 956, 'alt4.aspmx.l.google.com', '142.251.9.27', 24, 10),
(1002, 960, 'prodeb-gov-br.mail.protection.outlook.com', '52.101.40.6', 305, 0),
(1003, 961, 'mx3.antispammg.mg.gov.br', '200.198.4.53', 275, 5),
(1004, 961, 'mx2.antispammg.mg.gov.br', '200.198.4.122', 274, 8),
(1005, 961, 'mx1.antispammg.mg.gov.br', '200.198.4.121', 273, 10),
(1006, 962, 'colab-antispam-01.pa.gov.br', '177.74.3.71', 292, 5),
(1007, 962, 'colab-antispam-02.pa.gov.br', '177.74.3.72', 293, 10),
(1008, 962, 'colab-antispam-03.pa.gov.br', '177.74.3.73', 294, 10),
(1009, 973, 'prove.gov.br', '69.73.181.16', 306, 0),
(1010, 995, 'protection.serpro.gov.br', '161.148.50.251', 39, 5),
(1011, 996, 'ksmg.inmetro.rs.gov.br', '200.132.19.141', 307, 10),
(1012, 1003, 'redecontrole-gov-br.mail.protection.outlook.com', '52.101.10.12', 45, 0),
(1013, 1004, 'rededecontrole-gov-br.mail.protection.outlook.com', '52.101.42.16', 81, 0),
(1014, 1005, 'email.esporte.gov.br', '200.198.205.29', 59, 5),
(1015, 1005, 'email3.esporte.gov.br', '200.198.205.30', 60, 10),
(1016, 1009, 'protection.serpro.gov.br', '161.148.50.251', 39, 0),
(1017, 1020, 'rfb-gov-br.mail.protection.outlook.com', '52.101.11.17', 308, 0),
(1018, 1022, 'mx1.rio.gov.br', '187.111.111.2', 309, 10),
(1019, 1024, 'mailscan-in.serpro.gov.br', '161.148.21.200', 46, 0),
(1020, 1025, 'mx2.webmail.rj.gov.br', '187.62.129.129', 310, 10),
(1021, 1030, 'mail.rr.gov.br', '190.123.15.9', 311, 5),
(1022, 1032, 'mxsec.direto.procergs.rs.gov.br', '200.189.134.196', 312, 10),
(1023, 1032, 'mxsec2.direto.procergs.rs.gov.br', '200.189.134.194', 313, 20),
(1024, 1032, 'mxsec3.direto.procergs.rs.gov.br', '200.189.134.155', 314, 30),
(1025, 1032, 'mxsec4.direto.procergs.rs.gov.br', '200.189.134.30', 315, 40),
(1026, 1034, 'cluster1.us.messagelabs.com', '67.219.247.202', 316, 10),
(1027, 1034, 'cluster1a.us.messagelabs.com', '52.207.128.88', 13, 20),
(1028, 1035, 'aspmx.l.google.com', '64.233.186.27', 20, 1),
(1029, 1035, 'alt1.aspmx.l.google.com', '64.233.184.27', 21, 5),
(1030, 1035, 'alt2.aspmx.l.google.com', '142.250.27.27', 22, 5),
(1031, 1035, 'aspmx2.googlemail.com', '64.233.184.27', 21, 10),
(1032, 1035, 'aspmx3.googlemail.com', '142.250.27.27', 22, 10),
(1033, 1039, 'mxs3.se.gov.br', '187.17.2.201', 317, 5),
(1034, 1039, 'mxs4.se.gov.br', '187.17.2.203', 318, 10),
(1035, 1039, 'mxs5.se.gov.br', '187.17.2.206', 319, 15),
(1036, 1040, 'seade-gov-br.mail.protection.outlook.com', '52.101.41.28', 199, 0),
(1037, 1041, 'esa01.presidencia.gov.br', '170.246.255.51', 50, 5),
(1038, 1041, 'esa02.presidencia.gov.br', '170.246.255.52', 51, 10),
(1039, 1043, 'esa01.presidencia.gov.br', '170.246.255.51', 50, 5),
(1040, 1043, 'esa02.presidencia.gov.br', '170.246.255.52', 51, 10),
(1041, 1044, 'esa01.presidencia.gov.br', '170.246.255.51', 50, 5),
(1042, 1044, 'esa02.presidencia.gov.br', '170.246.255.52', 51, 10),
(1043, 1045, 'esa01.presidencia.gov.br', '170.246.255.51', 50, 5),
(1044, 1045, 'esa02.presidencia.gov.br', '170.246.255.52', 51, 10),
(1045, 1046, 'amobika.sdh.gov.br', NULL, NULL, 10),
(1046, 1047, 'esa01.presidencia.gov.br', '170.246.255.51', 50, 5),
(1047, 1047, 'esa02.presidencia.gov.br', '170.246.255.52', 51, 10),
(1048, 1048, 'piaget00.mj.gov.br', '189.9.0.101', 132, 1),
(1049, 1054, 'relay.mdic.gov.br', NULL, NULL, 10),
(1050, 1054, 'smtp2.mdic.gov.br', NULL, NULL, 15),
(1051, 1057, 'senad-gov-br.mail.protection.outlook.com', '52.101.10.10', 194, 0),
(1052, 1058, 'senado-gov-br.mail.protection.outlook.com', '52.101.10.2', 107, 5),
(1053, 1059, 'senador-gov-br.mail.protection.outlook.com', '52.101.42.10', 79, 5),
(1054, 1060, 'senadora-gov-br.mail.protection.outlook.com', '52.101.40.2', 37, 5),
(1055, 1063, 'protection.serpro.gov.br', '161.148.50.251', 39, 0),
(1056, 1065, 'protection.serpro.gov.br', '161.148.50.251', 39, 10),
(1057, 1068, 'smtp.seti.gov.br', NULL, NULL, 0),
(1058, 1069, 'esa01.presidencia.gov.br', '170.246.255.51', 50, 5),
(1059, 1069, 'esa02.presidencia.gov.br', '170.246.255.52', 51, 10),
(1060, 1070, 'aspmx.l.google.com', '64.233.186.27', 20, 1),
(1061, 1070, 'alt1.aspmx.l.google.com', '64.233.184.27', 21, 5),
(1062, 1070, 'alt2.aspmx.l.google.com', '142.250.27.27', 22, 5),
(1063, 1070, 'alt3.aspmx.l.google.com', '142.250.153.26', 117, 10),
(1064, 1070, 'alt4.aspmx.l.google.com', '142.251.9.27', 24, 10),
(1065, 1072, 'esa01.presidencia.gov.br', '170.246.255.51', 50, 5),
(1066, 1072, 'esa02.presidencia.gov.br', '170.246.255.52', 51, 10),
(1067, 1075, 'tyrion.lncc.br', '146.134.8.188', 320, 0),
(1068, 1080, 'sigplan.planejamento.gov.br', NULL, NULL, 10),
(1069, 1083, 'protection.serpro.gov.br', '161.148.50.251', 39, 0),
(1070, 1085, 'mx.via-rs.com.br', '200.198.128.218', 321, 10),
(1071, 1085, 'mxbkp.via-rs.com.br', NULL, NULL, 20),
(1072, 1088, 'sipam-gov-br.mail.protection.outlook.com', '52.101.198.38', 219, 0),
(1073, 1090, 'mx.sirc.gov.br', '200.152.40.96', 322, 10),
(1074, 1093, 'protection.serpro.gov.br', '161.148.50.251', 39, 0),
(1075, 1095, 'mx.zoho.com', '204.141.43.44', 323, 10),
(1076, 1095, 'mx2.zoho.com', '204.141.33.44', 324, 20),
(1077, 1095, 'mx3.zoho.com', '136.143.183.44', 325, 50),
(1078, 1102, 'mail.snirh.gov.br', NULL, NULL, 10),
(1079, 1104, 'sucuri.snisb.gov.br', '177.15.65.152', 83, 10),
(1080, 1104, 'bonito.snisb.gov.br', '177.15.65.189', 84, 50),
(1081, 1113, 'sp-gov-br.mail.protection.outlook.com', '52.101.10.6', 78, 10),
(1082, 1114, 'amobika.mdh.gov.br', '200.198.218.98', 326, 10),
(1083, 1116, 'relay.mdic.gov.br', NULL, NULL, 10),
(1084, 1116, 'smtp2.mdic.gov.br', NULL, NULL, 15),
(1085, 1121, 'stn-gov-br.mail.protection.outlook.com', '52.101.10.14', 74, 0),
(1086, 1122, 'sudam-gov-br.mail.protection.outlook.com', '52.101.198.0', 35, 5),
(1087, 1123, 'sudeco-gov-br.mail.protection.outlook.com', '52.101.9.24', 327, 0),
(1088, 1124, 'sudene-gov-br.mail.protection.outlook.com', '52.101.198.1', 4, 10),
(1089, 1125, 'suframa-gov-br.mail.protection.outlook.com', '52.101.198.1', 4, 0),
(1090, 1129, 'relay.mdic.gov.br', NULL, NULL, 10),
(1091, 1129, 'smtp2.mdic.gov.br', NULL, NULL, 15),
(1092, 1131, 'mail.sus.gov.br', '189.28.143.223', 328, 10),
(1093, 1132, 'susep-gov-br.mail.protection.outlook.com', '52.101.10.6', 78, 0),
(1094, 1133, 'protection.serpro.gov.br', '161.148.50.251', 39, 10),
(1095, 1135, 'tcu-gov-br.mail.protection.outlook.com', '52.101.194.0', 329, 30),
(1096, 1142, 'tesouro-gov-br.mail.protection.outlook.com', '52.101.41.21', 131, 0),
(1097, 1145, 'ticontrole-gov-br.mail.protection.outlook.com', '52.101.42.16', 81, 0),
(1098, 1148, 'smtp.google.com', '64.233.186.27', 20, 10),
(1099, 1151, 'smtp.to.gov.br', '131.72.217.19', 330, 10),
(1100, 1154, 'mte-mx03.mlicloud.com', '187.108.197.246', 120, 10),
(1101, 1154, 'mte-mx04.mlicloud.com', '187.108.197.187', 121, 10),
(1102, 1154, 'dc02-economia-mx01.mlicloud.com', '186.227.197.37', 122, 10),
(1103, 1154, 'dc02-economia-mx02.mlicloud.com', '187.45.183.227', 123, 10),
(1104, 1161, 'transportes-gov-br.mail.protection.outlook.com', '52.101.42.13', 331, 5),
(1105, 1168, 'aspmx.l.google.com', '142.250.0.26', 234, 1),
(1106, 1168, 'alt1.aspmx.l.google.com', '64.233.184.26', 116, 5),
(1107, 1168, 'alt2.aspmx.l.google.com', '142.250.27.27', 22, 5),
(1108, 1168, 'alt3.aspmx.l.google.com', '142.250.153.27', 23, 10),
(1109, 1168, 'alt4.aspmx.l.google.com', '142.251.9.26', 106, 10),
(1110, 1169, 'trees-gov-br0i.mail.protection.outlook.com', '52.101.41.22', 332, 5),
(1111, 1174, 'tremt-gov-br0i.mail.protection.outlook.com', '52.101.8.32', 333, 0),
(1112, 1175, 'aspmx.l.google.com', '142.250.0.26', 234, 1),
(1113, 1175, 'alt1.aspmx.l.google.com', '64.233.184.26', 116, 5),
(1114, 1175, 'alt2.aspmx.l.google.com', '142.250.27.27', 22, 5),
(1115, 1175, 'alt3.aspmx.l.google.com', '142.250.153.27', 23, 10),
(1116, 1175, 'alt4.aspmx.l.google.com', '142.251.9.26', 106, 10),
(1117, 1180, 'mail01.tre-rj.gov.br', '164.152.54.137', 334, 5),
(1118, 1189, 'smtp-a.trensurb.gov.br', '189.9.3.170', 335, 10),
(1119, 1189, 'smtp-b.trensurb.gov.br', '189.9.3.171', 336, 15),
(1120, 1194, 'mx.jfrj.jus.br', '177.223.208.15', 263, 0),
(1121, 1194, 'mx.trf2.jus.br', '201.48.221.24', 264, 0),
(1122, 1207, 'vm-z-mail.trt.gov.br', '192.100.177.174', 337, 10),
(1123, 1213, 'aspmx.l.google.com', '142.250.0.26', 234, 10),
(1124, 1213, 'alt1.aspmx.l.google.com', '64.233.184.26', 116, 20),
(1125, 1213, 'alt2.aspmx.l.google.com', '142.250.27.27', 22, 30),
(1126, 1213, 'aspmx2.googlemail.com', '64.233.184.27', 21, 40),
(1127, 1213, 'aspmx3.googlemail.com', '142.250.27.26', 61, 50),
(1128, 1217, 'aspmx.l.google.com', '142.250.0.26', 234, 1),
(1129, 1217, 'alt1.aspmx.l.google.com', '64.233.184.26', 116, 5),
(1130, 1217, 'alt2.aspmx.l.google.com', '142.250.27.27', 22, 5),
(1131, 1217, 'alt3.aspmx.l.google.com', '142.250.153.27', 23, 10),
(1132, 1217, 'alt4.aspmx.l.google.com', '142.251.9.26', 106, 10),
(1133, 1225, 'mail.trt23.gov.br', '201.182.224.203', 338, 10),
(1134, 1225, 'mail2.trt23.jus.br', NULL, NULL, 20),
(1135, 1229, 'aspmx.l.google.com', '142.250.0.26', 234, 10),
(1136, 1229, 'alt1.aspmx.l.google.com', '64.233.184.26', 116, 20),
(1137, 1229, 'alt2.aspmx.l.google.com', '142.250.27.27', 22, 20),
(1138, 1229, 'aspmx2.googlemail.com', '64.233.184.27', 21, 30),
(1139, 1229, 'aspmx3.googlemail.com', '142.250.27.26', 61, 30),
(1140, 1234, 'aspmx.l.google.com', '142.250.0.26', 234, 1),
(1141, 1234, 'alt1.aspmx.l.google.com', '64.233.184.26', 116, 5),
(1142, 1234, 'alt2.aspmx.l.google.com', '142.250.27.27', 22, 5),
(1143, 1234, 'aspmx2.googlemail.com', '64.233.184.27', 21, 10),
(1144, 1234, 'aspmx3.googlemail.com', '142.250.27.26', 61, 10),
(1145, 1239, 'turismo-gov-br.mail.protection.outlook.com', '52.101.8.44', 82, 10),
(1146, 1244, 'unasus-gov-br.mail.protection.outlook.com', '52.101.41.28', 199, 10),
(1147, 1246, 'valec-gov-br.mail.protection.outlook.com', '52.101.42.13', 331, 10),
(1148, 1248, 'mx.venturecapital.gov.br', '200.212.144.20', 68, 10),
(1149, 1249, 'veracruz-rs.gov.br', '177.70.14.19', 339, 0),
(1150, 1254, 'alpha.planalto.gov.br', '170.246.255.10', 55, 5),
(1151, 1258, 'relay.mdic.gov.br', NULL, NULL, 10),
(1152, 1258, 'smtp2.mdic.gov.br', NULL, NULL, 15),
(1153, 1262, 'smtp1.nbr.gov.br', '189.9.0.12', 289, 10),
(1154, 1263, 'smtp01.radiobras.gov.br', NULL, NULL, 10),
(1155, 1263, 'smtp02.radiobras.gov.br', NULL, NULL, 20),
(1156, 1272, 'mte-mx03.mlicloud.com', '187.108.197.246', 120, 10),
(1157, 1272, 'mte-mx04.mlicloud.com', '187.108.197.187', 121, 10),
(1158, 1272, 'dc02-economia-mx01.mlicloud.com', '186.227.197.37', 122, 10),
(1159, 1272, 'dc02-economia-mx02.mlicloud.com', '187.45.183.227', 123, 10);

--
-- Índices para tabelas despejadas
--

--
-- Índices de tabela `dominios_dns`
--
ALTER TABLE `dominios_dns`
  ADD PRIMARY KEY (`id`);

--
-- Índices de tabela `localizacoes`
--
ALTER TABLE `localizacoes`
  ADD PRIMARY KEY (`id`),
  ADD UNIQUE KEY `ip` (`ip`);

--
-- Índices de tabela `mx_records`
--
ALTER TABLE `mx_records`
  ADD PRIMARY KEY (`id`),
  ADD KEY `dominio_id` (`dominio_id`),
  ADD KEY `localizacao_id` (`localizacao_id`);

--
-- AUTO_INCREMENT para tabelas despejadas
--

--
-- AUTO_INCREMENT de tabela `dominios_dns`
--
ALTER TABLE `dominios_dns`
  MODIFY `id` int(11) NOT NULL AUTO_INCREMENT, AUTO_INCREMENT=1274;

--
-- AUTO_INCREMENT de tabela `localizacoes`
--
ALTER TABLE `localizacoes`
  MODIFY `id` int(11) NOT NULL AUTO_INCREMENT, AUTO_INCREMENT=340;

--
-- AUTO_INCREMENT de tabela `mx_records`
--
ALTER TABLE `mx_records`
  MODIFY `id` int(11) NOT NULL AUTO_INCREMENT, AUTO_INCREMENT=1160;

--
-- Restrições para tabelas despejadas
--

--
-- Restrições para tabelas `mx_records`
--
ALTER TABLE `mx_records`
  ADD CONSTRAINT `fk_mx_dominio` FOREIGN KEY (`dominio_id`) REFERENCES `dominios_dns` (`id`) ON DELETE CASCADE,
  ADD CONSTRAINT `fk_mx_localizacao` FOREIGN KEY (`localizacao_id`) REFERENCES `localizacoes` (`id`) ON DELETE SET NULL;
COMMIT;

/*!40101 SET CHARACTER_SET_CLIENT=@OLD_CHARACTER_SET_CLIENT */;
/*!40101 SET CHARACTER_SET_RESULTS=@OLD_CHARACTER_SET_RESULTS */;
/*!40101 SET COLLATION_CONNECTION=@OLD_COLLATION_CONNECTION */;
